id,created_at,score,media_present
1357902434580918274,2021-02-06T04:02:23.000Z,52165832.880906,False
1357914696645414913,2021-02-06T04:51:07.000Z,51379035.578133,False
1357943711997415424,2021-02-06T06:46:24.000Z,23468056.8602565,False
1357970517165182979,2021-02-06T08:32:55.000Z,11537647.936287,True
1357991946082418690,2021-02-06T09:58:04.000Z,63451244.9682795,True
1358176884312272898,2021-02-06T22:12:57.000Z,54845774.012892,False
1358177385678467072,2021-02-06T22:14:57.000Z,19966087.5058515,False
1358177870703517698,2021-02-06T22:16:52.000Z,18216776.695872,False
1358319935978496001,2021-02-07T07:41:23.000Z,119890421.015523,True
1358539071824424961,2021-02-07T22:12:09.000Z,38806818.1360875,False
1358542364948668418,2021-02-07T22:25:14.000Z,123149440.498704,False
1358568715403468801,2021-02-08T00:09:57.000Z,35464224.853701,False
1358584801003884544,2021-02-08T01:13:52.000Z,45208682.746377,False
1358658587644596224,2021-02-08T06:07:04.000Z,65073700.5551445,False
1358930781314322433,2021-02-09T00:08:40.000Z,17241430.2066225,False
1359401265017610247,2021-02-10T07:18:12.000Z,26698580.746665,True
1359519541219500033,2021-02-10T15:08:11.000Z,82841283.02553,False
1359545545900048386,2021-02-10T16:51:31.000Z,23755443.920853,True
1359589782402326528,2021-02-10T19:47:18.000Z,45833832.300186,False
1359612035374473217,2021-02-10T21:15:44.000Z,17636303.4553245,False
1359791422711492608,2021-02-11T09:08:33.000Z,39283392.0468645,True
1359956852520325120,2021-02-11T20:05:55.000Z,60376669.7114805,True
1360592735409946625,2021-02-13T14:12:41.000Z,40239409.3550865,True
1360697159767711749,2021-02-13T21:07:38.000Z,27902131.1339835,False
1360700181658886147,2021-02-13T21:19:38.000Z,12491752.253397,False
1361094185412100096,2021-02-14T23:25:16.000Z,51479308.195587,False
1361252063926251521,2021-02-15T09:52:37.000Z,116910658.3807125,True
1361255427669909504,2021-02-15T10:05:59.000Z,17996224.762251,False
1361962505573031938,2021-02-17T08:55:40.000Z,20114224.755087,False
1362863263982247940,2021-02-19T20:34:57.000Z,39848641.066479,False
1362871307516452865,2021-02-19T21:06:55.000Z,67467968.3477385,False
1363230177002622976,2021-02-20T20:52:56.000Z,39412239.969054,False
1363233627601989633,2021-02-20T21:06:39.000Z,14306583.0089625,False
1363272961684201472,2021-02-20T23:42:57.000Z,25231994.0814465,False
1363601164344823810,2021-02-21T21:27:06.000Z,48787610.1390585,False
1363609428281360386,2021-02-21T21:59:56.000Z,24617246.416809,False
1363627518830338051,2021-02-21T23:11:50.000Z,11006115.3850215,False
1364180853866131456,2021-02-23T11:50:35.000Z,28769712.457257,False
1364560733472579591,2021-02-24T13:00:05.000Z,86996020.7429235,True
1364563280522453005,2021-02-24T13:10:13.000Z,24649049.894046,False
1364748430883631111,2021-02-25T01:25:56.000Z,27354816.406044,False
1364806085610147844,2021-02-25T05:15:02.000Z,24552961.9446495,True
1364826301027115008,2021-02-25T06:35:22.000Z,54122185.124778,True
1364895495764721667,2021-02-25T11:10:19.000Z,53405849.661297,False
1364906065985499144,2021-02-25T11:52:19.000Z,18479175.310068,False
1365061022084698118,2021-02-25T22:08:03.000Z,35962559.038377,True
1365237858165026818,2021-02-26T09:50:44.000Z,34780729.070976,False
1365241433381339136,2021-02-26T10:04:57.000Z,21027120.055326,True
1366463008398970880,2021-03-01T18:59:03.000Z,27278256.9075825,True
1366463640451256323,2021-03-01T19:01:34.000Z,42006973.288593,False
1366477626429169666,2021-03-01T19:57:08.000Z,40735750.8406875,True
1366514542939828224,2021-03-01T22:23:50.000Z,17549740.6075065,False
1366808202701012995,2021-03-02T17:50:44.000Z,28320279.1078815,False
1366820931184717824,2021-03-02T18:41:18.000Z,20708607.035178,True
1366848696298561536,2021-03-02T20:31:38.000Z,30076883.1964755,False
1366860749503557636,2021-03-02T21:19:32.000Z,12081296.0979285,False
1367074939317157888,2021-03-03T11:30:39.000Z,32511602.780292,False
1367082108863320070,2021-03-03T11:59:08.000Z,11203591.863354,False
1367205667321171968,2021-03-03T20:10:07.000Z,26325268.5019545,False
1367213114228318209,2021-03-03T20:39:42.000Z,12350948.1367575,False
1367272378766614529,2021-03-04T00:35:12.000Z,25854154.586643,False
1367784992961531905,2021-03-05T10:32:09.000Z,26512901.0468565,False
1367785830111047680,2021-03-05T10:35:28.000Z,11192592.16446,True
1367967590597816320,2021-03-05T22:37:43.000Z,37789903.9441335,False
1368017749851598850,2021-03-06T01:57:02.000Z,19485926.7367395,False
1368058884837928970,2021-03-06T04:40:30.000Z,59994270.758988,False
1368329387733512193,2021-03-06T22:35:23.000Z,8911788.6571965,False
1368332350602420225,2021-03-06T22:47:09.000Z,4199015.49084,False
1368693859203436548,2021-03-07T22:43:39.000Z,56559455.3634105,True
1368867769211514881,2021-03-08T10:14:43.000Z,16786058.6140035,False
1368915472142401540,2021-03-08T13:24:16.000Z,58506322.3596855,True
1370449101402353669,2021-03-12T18:58:22.000Z,34390837.5699615,False
1370449655855788044,2021-03-12T19:00:34.000Z,13339924.68768,False
1370522745709158407,2021-03-12T23:51:00.000Z,3390178.9362975,False
1370635836044238854,2021-03-13T07:20:23.000Z,31205787.0764445,False
1370880599641231360,2021-03-13T23:32:59.000Z,15955820.4713955,False
1370882536101056523,2021-03-13T23:40:41.000Z,25960923.4030815,False
1370883943143251968,2021-03-13T23:46:16.000Z,11099891.803491,False
1370885153262817283,2021-03-13T23:51:05.000Z,34378682.105604,False
1370917400263192583,2021-03-14T01:59:13.000Z,13917169.755726,False
1370946514974031872,2021-03-14T03:54:54.000Z,36409122.9010845,False
1370950463017861123,2021-03-14T04:10:36.000Z,14554235.6500035,False
1371093416008941571,2021-03-14T13:38:38.000Z,5671859.231154,True
1371098915559383040,2021-03-14T14:00:29.000Z,22932857.742693,False
1371101369797591046,2021-03-14T14:10:15.000Z,6504966.86043,True
1371103308425928708,2021-03-14T14:17:57.000Z,82348687.81419,False
1371549960030842893,2021-03-15T19:52:47.000Z,40643249.749626,True
1371969967176957956,2021-03-16T23:41:44.000Z,9253775.672448,False
1371994922291765255,2021-03-17T01:20:54.000Z,9390873.368808,False
1372437344851214339,2021-03-18T06:38:56.000Z,12450184.5506925,False
1372444955050971142,2021-03-18T07:09:10.000Z,39365849.934588,True
1372688191803768840,2021-03-18T23:15:42.000Z,30613038.809595,True
1372739631846936581,2021-03-19T02:40:07.000Z,46348905.157092,True
1373203066556588034,2021-03-20T09:21:38.000Z,53186054.9533245,True
1374167754404630528,2021-03-23T01:14:58.000Z,65755123.9308315,True
1374617643446063105,2021-03-24T07:02:40.000Z,140152783.0198455,False
1374619379929772034,2021-03-24T07:09:34.000Z,26795944.0234695,False
1374619672973221892,2021-03-24T07:10:43.000Z,18989146.857342,False
1374991664280834054,2021-03-25T07:48:53.000Z,36894106.001958,True
1375031060753346564,2021-03-25T10:25:26.000Z,26419563.0221835,False
1375033483148451842,2021-03-25T10:35:03.000Z,106588596.734157,False
1375652425814704128,2021-03-27T03:34:31.000Z,82750814.487525,True
1376129545112260610,2021-03-28T11:10:25.000Z,63225591.7250265,True
1376235871989551105,2021-03-28T18:12:55.000Z,44909140.221423,False
1376558233624666120,2021-03-29T15:33:52.000Z,9982545.578157,False
1376901399867441156,2021-03-30T14:17:29.000Z,27515069.2656555,False
1376903913564160002,2021-03-30T14:27:29.000Z,48840695.6424165,False
1376904492478791689,2021-03-30T14:29:47.000Z,10979373.363435,False
1376908285677297671,2021-03-30T14:44:51.000Z,9828430.2316965,False
1377340744340361216,2021-03-31T19:23:17.000Z,16191357.5020605,False
1377567369191583752,2021-04-01T10:23:49.000Z,11389231.709181,False
1377567762919292938,2021-04-01T10:25:23.000Z,81112417.30806,False
1378203527219183619,2021-04-03T04:31:41.000Z,40863363.2894505,True
1378513398044971009,2021-04-04T01:03:00.000Z,61476121.499121,True
1378594549086482432,2021-04-04T06:25:28.000Z,18847585.515054,False
1378661987324993542,2021-04-04T10:53:26.000Z,8777520.593523,False
1379018148570091522,2021-04-05T10:28:42.000Z,29643750.1255335,False
1379026401341419520,2021-04-05T11:01:29.000Z,40380372.887652,False
1379516358040244225,2021-04-06T19:28:24.000Z,17431214.8665255,False
1379887294933467139,2021-04-07T20:02:22.000Z,28157674.8633615,False
1380093374833729537,2021-04-08T09:41:16.000Z,23946185.076312,False
1380313600187719682,2021-04-09T00:16:21.000Z,20269057.4732145,False
1380315654524301315,2021-04-09T00:24:31.000Z,26664983.8402605,False
1380316949087854595,2021-04-09T00:29:40.000Z,11397082.9435365,False
1380334998524321792,2021-04-09T01:41:23.000Z,7407858.8113125,False
1380336699847233537,2021-04-09T01:48:09.000Z,11279433.9901485,False
1380372826071330817,2021-04-09T04:11:42.000Z,30263001.2900805,False
1380423408542904326,2021-04-09T07:32:42.000Z,50526399.497922,True
1380480918243090433,2021-04-09T11:21:13.000Z,7983868.405932,False
1380481743531089924,2021-04-09T11:24:30.000Z,4767532.5369375,False
1380647716959645700,2021-04-09T22:24:01.000Z,46937189.7780135,True
1380772975733923841,2021-04-10T06:41:45.000Z,38754768.8362485,True
1380781539647053826,2021-04-10T07:15:47.000Z,79837687.7097825,False
1380784868729122818,2021-04-10T07:29:01.000Z,24898376.40231,False
1380785053542666242,2021-04-10T07:29:45.000Z,9210813.080391,False
1380788934905503744,2021-04-10T07:45:10.000Z,11084906.706447,False
1380788962558496768,2021-04-10T07:45:17.000Z,6366314.8587915,False
1381006333864861696,2021-04-10T22:09:02.000Z,24206072.8896735,True
1381221447322935303,2021-04-11T12:23:49.000Z,35843475.341655,False
1381273076709478403,2021-04-11T15:48:58.000Z,11975244.653157,False
1382452890468421632,2021-04-14T21:57:08.000Z,17696004.7196115,False
1382539825421582339,2021-04-15T03:42:35.000Z,48834518.275284,False
1382540937700671488,2021-04-15T03:47:00.000Z,11886728.9602455,False
1382552587099062272,2021-04-15T04:33:18.000Z,54722625.210057,True
1382858937792307202,2021-04-16T00:50:37.000Z,46657414.8278835,False
1382879908645392384,2021-04-16T02:13:57.000Z,22803172.886892,False
1383103246470811652,2021-04-16T17:01:25.000Z,38407800.0733095,False
1383177151541743621,2021-04-16T21:55:05.000Z,26482412.751009,False
1383182615411232770,2021-04-16T22:16:48.000Z,9734773.3751715,False
1383233200885882885,2021-04-17T01:37:48.000Z,85861258.327674,False
1383280704042127363,2021-04-17T04:46:34.000Z,34246087.9091535,False
1383295895043600384,2021-04-17T05:46:56.000Z,30837137.7475695,True
1383548841438236674,2021-04-17T22:32:03.000Z,24799458.820227,False
1385042598692147204,2021-04-22T01:27:43.000Z,17797114.270677,False
1385048499415183360,2021-04-22T01:51:09.000Z,7536348.0476685,False
1385099771220688906,2021-04-22T05:14:54.000Z,3802229.251026,False
1385108424761872387,2021-04-22T05:49:17.000Z,24451214.72988,False
1385337043618836480,2021-04-22T20:57:44.000Z,61330056.6569235,False
1385507154531074048,2021-04-23T08:13:41.000Z,11731497.702303,False
1385530714662133763,2021-04-23T09:47:18.000Z,12726611.7663765,False
1385879790381641728,2021-04-24T08:54:25.000Z,68790323.4539085,False
1385880018417557506,2021-04-24T08:55:19.000Z,54925242.852003,False
1385882094296092672,2021-04-24T09:03:34.000Z,34151594.119017,True
1386155357739921412,2021-04-25T03:09:25.000Z,45578846.526549,False
1386158212970340354,2021-04-25T03:20:46.000Z,30832275.5618265,False
1386836238771105793,2021-04-27T00:15:00.000Z,24043867.1849685,False
1387290679794089986,2021-04-28T06:20:47.000Z,79329469.7376945,False
1387326627160408067,2021-04-28T08:43:37.000Z,9071443.7070855,False
1387901003664699392,2021-04-29T22:45:59.000Z,23060908.5852525,False
1388608259255377920,2021-05-01T21:36:22.000Z,21811207.287357,False
1388611645560262660,2021-05-01T21:49:50.000Z,27857534.528685,False
1388612603480510469,2021-05-01T21:53:38.000Z,12803450.2427085,False
1388613426868625416,2021-05-01T21:56:54.000Z,12199542.861039,False
1388693126206918658,2021-05-02T03:13:36.000Z,77428634.090052,False
1390069456177704965,2021-05-05T22:22:39.000Z,15786281.6340945,False
1390073153347592192,2021-05-05T22:37:20.000Z,50051419.746405,False
1390387429375369216,2021-05-06T19:26:09.000Z,34647576.9187845,False
1390387635961610242,2021-05-06T19:26:59.000Z,98779687.30701,False
1390522866979033092,2021-05-07T04:24:20.000Z,38769634.371348,True
1390772894951673858,2021-05-07T20:57:52.000Z,32798272.4692215,True
1390774840135766019,2021-05-07T21:05:35.000Z,123233094.0058725,True
1390839584225955847,2021-05-08T01:22:52.000Z,37327996.2985485,False
1390955387654914052,2021-05-08T09:03:01.000Z,13715986.857114,False
1391130755787599881,2021-05-08T20:39:52.000Z,30035714.033586,False
1391382766764298245,2021-05-09T13:21:16.000Z,21420279.5828235,True
1391523807148527620,2021-05-09T22:41:43.000Z,98917462.5210555,True
1391899092666572800,2021-05-10T23:32:58.000Z,28192826.0750445,False
1392012701522669577,2021-05-11T07:04:25.000Z,12977851.2657525,False
1392030108274159619,2021-05-11T08:13:35.000Z,88646095.138968,False
1392602041025843203,2021-05-12T22:06:14.000Z,107383364.83323,True
1392780304138473473,2021-05-13T09:54:35.000Z,17074999.9798785,True
1392947696470659072,2021-05-13T20:59:45.000Z,39793403.44812,False
1392950720979030019,2021-05-13T21:11:46.000Z,62073373.26588,False
1392974251011895300,2021-05-13T22:45:16.000Z,98439613.2828705,False
1392985728271884288,2021-05-13T23:30:52.000Z,60774611.716758,True
1394584856386961411,2021-05-18T09:25:14.000Z,40340558.7601335,True
1394620356674134019,2021-05-18T11:46:18.000Z,23994248.978001,False
1394649803599093762,2021-05-18T13:43:19.000Z,13245112.0656915,False
1395027147161489412,2021-05-19T14:42:44.000Z,82401055.945881,False
1395041849438519296,2021-05-19T15:41:10.000Z,26248270.6096965,False
1395286896842985479,2021-05-20T07:54:54.000Z,29800376.2728285,False
1395328697436033032,2021-05-20T10:41:00.000Z,61809260.9304795,True
1396033766490087426,2021-05-22T09:22:41.000Z,44073043.5435345,False
1396230120692543489,2021-05-22T22:22:56.000Z,66424471.550124,True
1396914548167233537,2021-05-24T19:42:36.000Z,53751662.6587725,False
1396916392629137409,2021-05-24T19:49:56.000Z,34199538.4587615,False
1396926365996261382,2021-05-24T20:29:33.000Z,19644944.1229245,False
1397625459437826049,2021-05-26T18:47:30.000Z,44377049.7144165,True
1397625923256549376,2021-05-26T18:49:21.000Z,18635123.9396775,False
1398123830871150600,2021-05-28T03:47:51.000Z,37724184.72864,True
1398141080000942082,2021-05-28T04:56:24.000Z,13401977.3368755,True
1398504702988390400,2021-05-29T05:01:18.000Z,20420582.3108775,False
1399088815705399305,2021-05-30T19:42:22.000Z,19516056.3467535,False
1399985389725753346,2021-06-02T07:05:02.000Z,57612357.700659,True
1400620080090730501,2021-06-04T01:07:04.000Z,41517845.3736435,True
1400645833150840835,2021-06-04T02:49:24.000Z,29049168.575535,True
1400654905149476865,2021-06-04T03:25:26.000Z,48835076.231025,False
1401096409428934659,2021-06-05T08:39:49.000Z,53149708.1221965,False
1401251430015582209,2021-06-05T18:55:49.000Z,33307566.49881,False
1401287393228038149,2021-06-05T21:18:43.000Z,78153737.429463,False
1401457989618446342,2021-06-06T08:36:37.000Z,11325704.46267,False
1401493801131298816,2021-06-06T10:58:55.000Z,38309320.885023,True
1401496033264377860,2021-06-06T11:07:47.000Z,42989134.808679,True
1401641347040284679,2021-06-06T20:45:13.000Z,20609848.869021,False
1401641625500229632,2021-06-06T20:46:19.000Z,10491759.8997825,False
1401642134583791624,2021-06-06T20:48:20.000Z,15892293.2248845,False
1403211775760224257,2021-06-11T04:45:32.000Z,13990501.081686,False
1403212326199644166,2021-06-11T04:47:43.000Z,7753592.100825,False
1403240595582111744,2021-06-11T06:40:03.000Z,8693867.0863545,False
1403960366703337476,2021-06-13T06:20:10.000Z,25828050.2287605,True
1404287845028667397,2021-06-14T04:01:27.000Z,12645190.082172,True
1404288216400764940,2021-06-14T04:02:55.000Z,12256494.2006025,True
1404303796075859974,2021-06-14T05:04:50.000Z,56321885.779689,True
1404351360644964355,2021-06-14T08:13:50.000Z,34995900.7170945,False
1404353357469212673,2021-06-14T08:21:46.000Z,10425163.896696,False
1404353618518499329,2021-06-14T08:22:48.000Z,7379682.046392,False
1404707141102059520,2021-06-15T07:47:35.000Z,21403540.9105935,True
1404711878501318658,2021-06-15T08:06:24.000Z,19374813.8363175,True
1405293441106460672,2021-06-16T22:37:20.000Z,21521907.2356485,False
1405597886826512386,2021-06-17T18:47:05.000Z,12927834.51897,False
1406708267141648384,2021-06-20T20:19:20.000Z,43612969.1810985,False
1407050578149183488,2021-06-21T18:59:34.000Z,17135817.1556475,False
1407868620680699908,2021-06-24T01:10:10.000Z,21184344.0123435,False
1408246196603346947,2021-06-25T02:10:31.000Z,16869592.5592275,False
1408246534093918210,2021-06-25T02:11:52.000Z,8368539.03537,False
1408375014261395462,2021-06-25T10:42:24.000Z,30242237.365719,True
1408380216653844480,2021-06-25T11:03:04.000Z,51820099.5913935,False
1408558492009566214,2021-06-25T22:51:28.000Z,24556668.364929,False
1408560379463077891,2021-06-25T22:58:58.000Z,8547881.95212,False
1409152382345244684,2021-06-27T14:11:23.000Z,45130967.482452,True
1409608806875615242,2021-06-28T20:25:03.000Z,53440602.333165,False
1410330088906838018,2021-06-30T20:11:10.000Z,19049087.245518,False
1410519086417813510,2021-07-01T08:42:11.000Z,17251473.4099605,False
1410519466518233089,2021-07-01T08:43:41.000Z,21275649.48396,True
1410529698497630212,2021-07-01T09:24:21.000Z,59655153.2304045,False
1410537991236243461,2021-07-01T09:57:18.000Z,21179521.680582,True
1410670645948653568,2021-07-01T18:44:25.000Z,17165269.247976,True
1410886804019068936,2021-07-02T09:03:21.000Z,33203467.899132,True
1410948739145994244,2021-07-02T13:09:28.000Z,24166378.3240995,False
1410951450604175366,2021-07-02T13:20:14.000Z,32195122.3132005,True
1411435425789448193,2021-07-03T21:23:23.000Z,14101574.1281265,True
1411746457464438793,2021-07-04T17:59:19.000Z,33240253.1240565,True
1411748343257079810,2021-07-04T18:06:48.000Z,11677575.2653335,False
1411945961815826432,2021-07-05T07:12:04.000Z,69362148.3804705,False
1412534204491960321,2021-07-06T22:09:32.000Z,48610140.359439,True
1412818236203102214,2021-07-07T16:58:11.000Z,30626230.4774715,True
1412845593106403337,2021-07-07T18:46:53.000Z,9619117.1208585,True
1412845920505372672,2021-07-07T18:48:11.000Z,5631606.709839,False
1413012804437696513,2021-07-08T05:51:19.000Z,18200675.687346,False
1413013632464662528,2021-07-08T05:54:37.000Z,17585091.089097,True
1413273908535599104,2021-07-08T23:08:51.000Z,10585297.194363,False
1413274839960391683,2021-07-08T23:12:33.000Z,29511036.3671385,False
1413280234313506816,2021-07-08T23:33:59.000Z,10580634.2785275,False
1413283591660974084,2021-07-08T23:47:20.000Z,4480225.184304,False
1413598670331711493,2021-07-09T20:39:21.000Z,21927062.8115775,True
1413601488987992064,2021-07-09T20:50:33.000Z,4560212.1251745,False
1413616454692450304,2021-07-09T21:50:01.000Z,21323115.5759265,False
1413697255291465730,2021-07-10T03:11:05.000Z,6044254.83429,False
1413736546373718016,2021-07-10T05:47:13.000Z,21157083.8889975,True
1414774147998179329,2021-07-13T02:30:16.000Z,44901846.9428085,True
1414776079789797376,2021-07-13T02:37:57.000Z,21061354.6254345,False
1414782972474048516,2021-07-13T03:05:20.000Z,45282093.7803,False
1415423461267107842,2021-07-14T21:30:25.000Z,19378480.4026155,True
1415454980127952897,2021-07-14T23:35:39.000Z,7719158.260809,False
1416435673494695938,2021-07-17T16:32:35.000Z,33177363.5412495,True
1416444660055224329,2021-07-17T17:08:17.000Z,14679536.5678395,True
1416453816069857283,2021-07-17T17:44:40.000Z,4876214.344488,False
1416663763151949824,2021-07-18T07:38:56.000Z,43080998.2360365,True
1417274819461095432,2021-07-20T00:07:03.000Z,19358274.433995,False
1418882021519241216,2021-07-24T10:33:30.000Z,6017712.082611,False
1418893195220561923,2021-07-24T11:17:54.000Z,78361416.5270595,True
1419145934693441537,2021-07-25T04:02:11.000Z,40551306.6143055,True
1419145985180282882,2021-07-25T04:02:23.000Z,50172296.8722945,True
1419146036413714437,2021-07-25T04:02:36.000Z,29157611.2591965,True
1419151233739378689,2021-07-25T04:23:15.000Z,44064076.397697,True
1419543347467784195,2021-07-26T06:21:22.000Z,29610511.9049625,False
1419543615999823875,2021-07-26T06:22:26.000Z,23535131.111121,True
1419825607622500352,2021-07-27T01:02:58.000Z,13408593.0978045,True
1420251936444588036,2021-07-28T05:17:03.000Z,29071765.7830455,True
1420594788567601152,2021-07-29T03:59:25.000Z,27186871.728003,False
1420819718701780995,2021-07-29T18:53:13.000Z,18260576.2215405,True
1420970469516263426,2021-07-30T04:52:14.000Z,28499382.9007425,True
1421152540394143746,2021-07-30T16:55:44.000Z,34678663.0243545,False
1421395561324896257,2021-07-31T09:01:24.000Z,37465891.0745385,True
1421398959927578628,2021-07-31T09:14:55.000Z,6740304.6211875,False
1421570729255002116,2021-07-31T20:37:28.000Z,18056882.522094,True
1421622513918955524,2021-08-01T00:03:14.000Z,13481725.153857,True
1422006989576622089,2021-08-02T01:31:00.000Z,29215200.262464,True
1422222995305676802,2021-08-02T15:49:20.000Z,30831239.3583075,True
1422607954101084161,2021-08-03T17:19:01.000Z,25543612.362795,True
1422608233995382791,2021-08-03T17:20:08.000Z,12865104.352089,True
1422780001183834117,2021-08-04T04:42:40.000Z,29302081.942134,True
1423041198764265473,2021-08-04T22:00:35.000Z,28326934.722792,True
1423041387587641348,2021-08-04T22:01:20.000Z,7532203.2335925,False
1423104512479334402,2021-08-05T02:12:10.000Z,20416278.0808755,False
1423353739394514949,2021-08-05T18:42:30.000Z,28021055.4147795,True
1423391960836960259,2021-08-05T21:14:23.000Z,6693276.9230175,False
1423659261452709893,2021-08-06T14:56:32.000Z,34485450.9220425,True
1423685209640226817,2021-08-06T16:39:39.000Z,27711310.2705615,True
1423701991587344388,2021-08-06T17:46:20.000Z,9186661.567602,False
1423830326665650179,2021-08-07T02:16:18.000Z,50330158.493016,True
1426176083854905350,2021-08-13T13:37:30.000Z,10754278.075923,False
1426176396657897481,2021-08-13T13:38:44.000Z,5561383.994436,False
1426558939336937481,2021-08-14T14:58:49.000Z,31745569.4018805,False
1428521477624631297,2021-08-20T00:57:15.000Z,6012810.0428865,False
1428556821061541893,2021-08-20T03:17:42.000Z,17208670.2338295,True
1428809514946416642,2021-08-20T20:01:49.000Z,67027063.750404,True
1428936432907821058,2021-08-21T04:26:08.000Z,29348312.560674,False
1429898852673343524,2021-08-23T20:10:27.000Z,6703081.0024665,True
1429906835872485391,2021-08-23T20:42:10.000Z,3639824.2764135,False
1429907171639103489,2021-08-23T20:43:30.000Z,13394723.9122425,False
1429923342044176385,2021-08-23T21:47:46.000Z,8320793.965533,False
1429924523822829571,2021-08-23T21:52:27.000Z,6402263.1501045,False
1430654259255783424,2021-08-25T22:12:10.000Z,21610502.636523,True
1431717794001850373,2021-08-28T20:38:16.000Z,32582503.0133805,True
1431762773185376262,2021-08-28T23:37:00.000Z,17149646.487228,True
1431867661164687360,2021-08-29T06:33:47.000Z,6332638.244424,False
1432270085415124995,2021-08-30T09:12:53.000Z,11262695.3179185,False
1432280874616250371,2021-08-30T09:55:45.000Z,4922245.6931205,False
1432491362105143298,2021-08-30T23:52:09.000Z,61431445.1858595,True
1432494177674203143,2021-08-31T00:03:21.000Z,20104261.259712,True
1432497810004402177,2021-08-31T00:17:47.000Z,85903503.548064,True
1432818021836357634,2021-08-31T21:30:11.000Z,72172053.346128,True
1433226358398734337,2021-09-02T00:32:46.000Z,9026926.80975,False
1433227637351088128,2021-09-02T00:37:51.000Z,5012674.377144,False
1433713164546293767,2021-09-03T08:47:10.000Z,79424521.483572,False
1436086743720251394,2021-09-09T21:58:55.000Z,18723679.4865705,True
1436088215186911243,2021-09-09T22:04:46.000Z,4282828.4139345,False
1436265776550490112,2021-09-10T09:50:20.000Z,5727654.805254,False
1436283089215442968,2021-09-10T10:59:07.000Z,11124641.1260025,False
1437112222698909697,2021-09-12T17:53:48.000Z,32817362.52636,True
1437179881260032016,2021-09-12T22:22:39.000Z,48601850.731287,True
1437204825800851460,2021-09-13T00:01:47.000Z,15529223.4534195,True
1437214098274537474,2021-09-13T00:38:37.000Z,3708333.270612,False
1437220114613555202,2021-09-13T01:02:32.000Z,19278008.515254,True
1437267254564073473,2021-09-13T04:09:51.000Z,2506377.0425535,False
1438019248589258755,2021-09-15T05:58:00.000Z,16539482.030463,False
1438591328082923521,2021-09-16T19:51:15.000Z,15243310.9901385,False
1438747500010168322,2021-09-17T06:11:49.000Z,6537089.169519,False
1438928760846290948,2021-09-17T18:12:05.000Z,7552010.662398,False
1439090465698041861,2021-09-18T04:54:38.000Z,15677679.534507,False
1439366880310046721,2021-09-18T23:13:01.000Z,18090877.9683135,False
1440159176685088774,2021-09-21T03:41:19.000Z,12421688.95392,False
1441201947785121794,2021-09-24T00:44:55.000Z,65152810.708422,True
1441202383732699141,2021-09-24T00:46:39.000Z,39432007.543878,True
1441560961593262081,2021-09-25T00:31:30.000Z,10038022.320405,False
1442706542839701510,2021-09-28T04:23:38.000Z,3280739.9030985,False
1442716005936078855,2021-09-28T05:01:14.000Z,2796155.34204,False
1443891369035042820,2021-10-01T10:51:43.000Z,8708214.5196945,False
1444360445888974850,2021-10-02T17:55:39.000Z,28996202.6341215,True
1444361244996259843,2021-10-02T17:58:50.000Z,7912171.0932135,False
1444362460459323392,2021-10-02T18:03:40.000Z,3752332.066188,False
1444362694165938180,2021-10-02T18:04:35.000Z,9798420.183627,False
1444424110961041408,2021-10-02T22:08:38.000Z,7777863.1755585,False
1444644149395959808,2021-10-03T12:43:00.000Z,3206731.059453,False
1444840184500129797,2021-10-04T01:41:58.000Z,63839542.310034,True
1446104772092772352,2021-10-07T13:26:59.000Z,14509399.920816,False
1446125877494833162,2021-10-07T14:50:51.000Z,7150800.6306375,False
1446401165965529088,2021-10-08T09:04:45.000Z,11732972.2996185,True
1446402077014515718,2021-10-08T09:08:22.000Z,5069027.906985,False
1446402790205579264,2021-10-08T09:11:12.000Z,5899186.34163,False
1446751520909930496,2021-10-09T08:16:56.000Z,12374422.131861,False
1446752265012908032,2021-10-09T08:19:53.000Z,3811196.3968635,False
1447472059152408578,2021-10-11T08:00:06.000Z,3944468.1109995,False
1447733010074271748,2021-10-12T01:17:01.000Z,17218713.4371675,True
1448558569922703363,2021-10-14T07:57:30.000Z,51143100.007653,False
1448850617661861916,2021-10-15T03:18:00.000Z,3795733.0520415,False
1449566521357836290,2021-10-17T02:42:44.000Z,6405212.3447355,False
1449862940610514954,2021-10-17T22:20:36.000Z,72802383.917532,False
1449863421973913603,2021-10-17T22:22:31.000Z,29258362.1244285,False
1450212973314658305,2021-10-18T21:31:31.000Z,110767685.234247,True
1450435645655195649,2021-10-19T12:16:20.000Z,60865717.918467,True
1451015695106560000,2021-10-21T02:41:14.000Z,117235986.431697,True
1451612930047369219,2021-10-22T18:14:26.000Z,33862533.1911975,True
1451907229796417542,2021-10-23T13:43:53.000Z,2904637.879683,False
1451923868050939907,2021-10-23T14:50:00.000Z,9918898.7697015,False
1452345284483235841,2021-10-24T18:44:33.000Z,3692750.3638455,False
1452373897366618112,2021-10-24T20:38:15.000Z,14541322.9599975,False
1452442007784263682,2021-10-25T01:08:54.000Z,9728755.423965,False
1452456674070044678,2021-10-25T02:07:11.000Z,20847338.7447795,False
1452457749275623425,2021-10-25T02:11:27.000Z,6458297.8480935,False
1452546064591040513,2021-10-25T08:02:23.000Z,3017863.0411245,False
1452547774386515969,2021-10-25T08:09:11.000Z,5969528.6189775,False
1452576223620747266,2021-10-25T10:02:13.000Z,3419989.7144595,False
1452726479649914889,2021-10-25T19:59:17.000Z,41305702.630119,False
1453954994546229253,2021-10-29T05:20:58.000Z,100699094.9100315,False
1453955363263291394,2021-10-29T05:22:26.000Z,25516910.19519,False
1453973981195685890,2021-10-29T06:36:25.000Z,17820747.6817065,False
1454876031232380928,2021-10-31T18:20:50.000Z,38939292.7705935,False
1455186850155479048,2021-11-01T14:55:55.000Z,12673446.5550555,False
1455327010302087173,2021-11-02T00:12:52.000Z,37408899.8809935,False
1455800444505178112,2021-11-03T07:34:08.000Z,58805864.8846395,True
1455980193647108097,2021-11-03T19:28:23.000Z,7861994.930505,False
1457064697782489088,2021-11-06T19:17:49.000Z,36822767.375073,False
1457066048944066565,2021-11-06T19:23:11.000Z,13703233.583034,False
1457067398712942592,2021-11-06T19:28:33.000Z,17672411.1625635,False
1457067904583798784,2021-11-06T19:30:34.000Z,6954240.7938795,False
1457076751360724995,2021-11-06T20:05:43.000Z,9026010.1681755,False
1457984721892352002,2021-11-09T08:13:40.000Z,31834563.34257,True
1458095048076283911,2021-11-09T15:32:04.000Z,8542621.226562,True
1459480404600176646,2021-11-13T11:16:58.000Z,66416022.506046,True
1459563497403170824,2021-11-13T16:47:09.000Z,30219122.056449,True
1460062031084761090,2021-11-15T01:48:09.000Z,59670138.3274485,False
1460810034913361921,2021-11-17T03:20:27.000Z,44721706.9464285,True
1461130602627936256,2021-11-18T00:34:16.000Z,5655917.638554,False
1461131168431190016,2021-11-18T00:36:31.000Z,3520302.185895,False
1461245049585426435,2021-11-18T08:09:03.000Z,38488663.801773,False
1461372314424164367,2021-11-18T16:34:45.000Z,12694409.7493245,False
1461751344415617025,2021-11-19T17:40:53.000Z,40149937.166619,False
1461802264058859521,2021-11-19T21:03:13.000Z,15040095.53847,True
1461809183205036035,2021-11-19T21:30:43.000Z,58579414.5617565,True
1462642282746765321,2021-11-22T04:41:09.000Z,25603154.211156,False
1462650961105670148,2021-11-22T05:15:38.000Z,19418892.3398565,False
1462652210739884035,2021-11-22T05:20:36.000Z,39671091.5788965,False
1462653836800180231,2021-11-22T05:27:04.000Z,9022024.7700255,False
1463389553155260423,2021-11-24T06:10:32.000Z,13790155.1166855,False
1463828765151272962,2021-11-25T11:15:48.000Z,32860085.994528,False
1463959830142586890,2021-11-25T19:56:37.000Z,49114014.2475435,False
1465468742570229767,2021-11-29T23:52:29.000Z,23008660.015506,False
1465474116622946307,2021-11-30T00:13:51.000Z,14716760.1865605,False
1465476843063156744,2021-11-30T00:24:41.000Z,13441273.3626345,False
1465487982312501252,2021-11-30T01:08:57.000Z,29093844.8887965,False
1465817742632792065,2021-11-30T22:59:18.000Z,31935991.7254875,True
1465838829370228737,2021-12-01T00:23:05.000Z,15634358.2566165,False
1465842137392680963,2021-12-01T00:36:14.000Z,12143149.4772165,False
1465943719807438850,2021-12-01T07:19:53.000Z,5581310.985186,False
1465955035133657090,2021-12-01T08:04:51.000Z,26007472.8534735,False
1465956882548506625,2021-12-01T08:12:11.000Z,11192193.624645,False
1466074646240014340,2021-12-01T16:00:08.000Z,38867117.210097,True
1466328271390486531,2021-12-02T08:47:57.000Z,61463447.933004,False
1466515315802705922,2021-12-02T21:11:12.000Z,19781444.009562,False
1466797158737268743,2021-12-03T15:51:09.000Z,23679402.524151,False
1466942645545099272,2021-12-04T01:29:15.000Z,45411140.972397,True
1467148751248801800,2021-12-04T15:08:15.000Z,59427467.434095,True
1467149074705096713,2021-12-04T15:09:32.000Z,16667293.7491335,False
1467731226609999872,2021-12-06T05:42:48.000Z,17763238.386402,True
1467965723876208640,2021-12-06T21:14:36.000Z,5962992.5660115,False
1468631917138522115,2021-12-08T17:21:49.000Z,92147147.8517985,True
1468684576407101440,2021-12-08T20:51:04.000Z,12447036.086154,False
1468685044239814666,2021-12-08T20:52:56.000Z,8272451.0859735,False
1468685877970935809,2021-12-08T20:56:14.000Z,15497260.5602565,False
1468689628161052674,2021-12-08T21:11:08.000Z,34427224.255071,False
1469137649269153799,2021-12-10T02:51:25.000Z,62412610.356408,True
1469153995428085762,2021-12-10T03:56:22.000Z,67846461.610044,False
1469356039694864384,2021-12-10T17:19:13.000Z,22241590.4335755,False
1469358667023667202,2021-12-10T17:29:40.000Z,33977950.3216215,False
1469364444782280707,2021-12-10T17:52:37.000Z,33448530.0313755,False
1469762144786919427,2021-12-11T20:12:56.000Z,18764808.7954785,True
1469875780901609472,2021-12-12T03:44:29.000Z,10858854.923379,False
1470007410521780226,2021-12-12T12:27:32.000Z,15320707.4222115,True
1470007920846852104,2021-12-12T12:29:34.000Z,8218608.356967,True
1470012460509937679,2021-12-12T12:47:36.000Z,36634736.290356,True
1470157804304572420,2021-12-12T22:25:09.000Z,85469135.0036955,True
1470519292651352070,2021-12-13T22:21:34.000Z,54638732.5789995,False
1470519361295335425,2021-12-13T22:21:51.000Z,15444972.1365285,False
1470703708677840896,2021-12-14T10:34:23.000Z,67181697.198624,False
1471216386332667908,2021-12-15T20:31:35.000Z,5716734.814323,False
1471338213549744130,2021-12-16T04:35:40.000Z,59754947.6000805,True
1471546572836122625,2021-12-16T18:23:37.000Z,35171577.0675465,True
1471563333841137664,2021-12-16T19:30:13.000Z,7257649.155039,False
1472052839316963329,2021-12-18T03:55:20.000Z,33904260.309828,True
1472054278613254147,2021-12-18T04:01:04.000Z,7475132.3320845,False
1472065241420898306,2021-12-18T04:44:37.000Z,9650243.08041,False
1472109555739996166,2021-12-18T07:40:43.000Z,12929069.9923965,True
1472119590222184450,2021-12-18T08:20:35.000Z,16862657.9664465,False
1472371245744373760,2021-12-19T01:00:34.000Z,18451636.2088515,False
1472647410568642564,2021-12-19T19:17:57.000Z,57474502.7786505,True
1472649556965969925,2021-12-19T19:26:29.000Z,15567562.9836225,True
1472649843713757189,2021-12-19T19:27:37.000Z,8154762.278604,False
1472739649890271239,2021-12-20T01:24:29.000Z,14781124.366683,True
1472745072277995526,2021-12-20T01:46:02.000Z,6606714.0751995,False
1472754632325795843,2021-12-20T02:24:01.000Z,98861507.5310295,False
1473079467404836870,2021-12-20T23:54:48.000Z,11628435.306144,False
1473165434518224896,2021-12-21T05:36:24.000Z,30496186.935837,False
1473328171726651397,2021-12-21T16:23:03.000Z,13506594.038313,False
1473778335390048265,2021-12-22T22:11:51.000Z,13774412.793993,False
1473794952719224836,2021-12-22T23:17:53.000Z,4941813.998037,False
1473814525774336006,2021-12-23T00:35:39.000Z,20296397.3045235,False
1473824879820615680,2021-12-23T01:16:48.000Z,7589473.405008,False
1474144811951214592,2021-12-23T22:28:06.000Z,5498374.8496845,False
1474406965938114560,2021-12-24T15:49:48.000Z,16438531.8953235,False
1474493189688070148,2021-12-24T21:32:25.000Z,6071873.6434695,False
1474836752619741188,2021-12-25T20:17:37.000Z,75176963.843265,False
1474860884359094275,2021-12-25T21:53:31.000Z,50664852.229653,True
1475081021423038468,2021-12-26T12:28:15.000Z,65962005.948798,True
1475312943420121088,2021-12-27T03:49:50.000Z,21132533.8363935,False
1475313375597019140,2021-12-27T03:51:33.000Z,8315015.1382155,False
1475939200218370049,2021-12-28T21:18:21.000Z,14044782.204489,False
1476437555717541893,2021-12-30T06:18:38.000Z,64617053.6351175,True
1476439722046238725,2021-12-30T06:27:15.000Z,47702984.032536,True
1477700424933253123,2022-01-02T17:56:50.000Z,9940659.0436005,False
1477706142461706248,2022-01-02T18:19:33.000Z,49044508.9038075,False
1477775713172402176,2022-01-02T22:56:00.000Z,74009879.849019,True
1478125263233990657,2022-01-03T22:04:59.000Z,7952822.1543435,False
1478419298032836610,2022-01-04T17:33:23.000Z,63364124.1647205,True
1478982460981481472,2022-01-06T06:51:11.000Z,45351001.3143135,False
1479236333516165121,2022-01-06T23:39:59.000Z,25480364.0941545,True
1479590995595517958,2022-01-07T23:09:17.000Z,12828319.1271645,False
1479595300360757248,2022-01-07T23:26:23.000Z,4268002.7328165,False
1479595757388845059,2022-01-07T23:28:12.000Z,4372141.186476,False
1480093419334782981,2022-01-09T08:25:44.000Z,45608816.720637,True
1480326831031173124,2022-01-09T23:53:14.000Z,21321640.978611,True
1481116331680440324,2022-01-12T04:10:25.000Z,12339629.6060115,False
1481873421390680065,2022-01-14T06:18:50.000Z,59924327.0214555,False
1482248590151983110,2022-01-15T07:09:37.000Z,32142196.2257685,False
1482424984962101249,2022-01-15T18:50:33.000Z,22260361.658862,False
1482495353542754308,2022-01-15T23:30:10.000Z,32293242.8156535,True
1482598301694238723,2022-01-16T06:19:15.000Z,37121273.696508,True
1482853293814599686,2022-01-16T23:12:29.000Z,52409978.371575,True
1482858149900136448,2022-01-16T23:31:47.000Z,39512751.710397,True
1482858399889084416,2022-01-16T23:32:47.000Z,9972063.9810225,False
1483484932961972227,2022-01-18T17:02:24.000Z,33223474.597845,False
1483485798548840450,2022-01-18T17:05:50.000Z,6183743.76954,False
1483486559336910850,2022-01-18T17:08:52.000Z,9136405.6969305,False
1483526459021012998,2022-01-18T19:47:25.000Z,3957181.531098,False
1483526984223367173,2022-01-18T19:49:30.000Z,4588707.721947,False
1483631831748685835,2022-01-19T02:46:07.000Z,40427081.75397,True
1483632730298621954,2022-01-19T02:49:42.000Z,16936069.0003695,False
1483633282482847744,2022-01-19T02:51:53.000Z,62071300.858842,False
1483717933700366336,2022-01-19T08:28:16.000Z,32275627.3558305,True
1483728729545363457,2022-01-19T09:11:10.000Z,13541027.878329,False
1484002196538671106,2022-01-20T03:17:49.000Z,10588804.344735,True
1484009139756056583,2022-01-20T03:45:25.000Z,50621690.3676885,True
1484012192915677184,2022-01-20T03:57:33.000Z,14524663.9957305,True
1484453889671942144,2022-01-21T09:12:41.000Z,34599194.1852435,True
1484456594775678976,2022-01-21T09:23:26.000Z,21729147.9394485,False
1485926395633152006,2022-01-25T10:43:54.000Z,41026405.927767,True
1485927658294845442,2022-01-25T10:48:55.000Z,72362196.6918645,True
1485953263040188416,2022-01-25T12:30:40.000Z,71350662.787413,False
1485955529813987330,2022-01-25T12:39:40.000Z,82672820.2457295,True
1486143850368360448,2022-01-26T01:07:59.000Z,33448729.301283,False
1486753860555358216,2022-01-27T17:31:57.000Z,24895825.747494,False
1486772334635536395,2022-01-27T18:45:22.000Z,76367322.562707,False
1486806256027422730,2022-01-27T21:00:09.000Z,17956928.736492,False
1486827458632503297,2022-01-27T22:24:24.000Z,43189879.3134945,False
1486846468887560201,2022-01-27T23:39:57.000Z,104603828.6014755,False
1486850549928579075,2022-01-27T23:56:10.000Z,34518171.040854,False
1487119404382961664,2022-01-28T17:44:30.000Z,8180069.5568565,False
1487295769749168128,2022-01-29T05:25:18.000Z,19049485.785333,False
1487316787385581570,2022-01-29T06:48:49.000Z,34589549.5217205,True
1487385441292754946,2022-01-29T11:21:38.000Z,33256354.1325825,False
1487571050636484609,2022-01-29T23:39:10.000Z,17213970.813369,False
1487703756112154628,2022-01-30T08:26:30.000Z,58552313.8543365,True
1487842692704862214,2022-01-30T17:38:35.000Z,51231296.8687125,True
1487861173626101760,2022-01-30T18:52:01.000Z,41187575.428953,True
1487879449798270977,2022-01-30T20:04:38.000Z,16289956.2522915,False
1487921357476155393,2022-01-30T22:51:10.000Z,41839865.5441635,False
1488039236494311424,2022-01-31T06:39:35.000Z,32336962.633359,True
1488269452588326913,2022-01-31T21:54:22.000Z,32352864.3719775,False
1488746173498212353,2022-02-02T05:28:41.000Z,8153526.8051775,False
1488749873210052611,2022-02-02T05:43:24.000Z,3494397.09792,False
1488823885931941893,2022-02-02T10:37:30.000Z,22617174.3552315,False
1488916075781799942,2022-02-02T16:43:49.000Z,3134754.768864,False
1489340604215615492,2022-02-03T20:50:45.000Z,11812680.2626185,False
1489351220628230147,2022-02-03T21:32:56.000Z,6150067.1551725,False
1490057614436282383,2022-02-05T20:19:53.000Z,54149684.372013,True
1490119570752950272,2022-02-06T00:26:05.000Z,5120479.3971015,False
1490120045028122624,2022-02-06T00:27:58.000Z,6244839.9231795,False
1490137536806727683,2022-02-06T01:37:28.000Z,25555887.389097,False
1490137716377411588,2022-02-06T01:38:11.000Z,7943137.636839,False
1490742889344864267,2022-02-07T17:42:56.000Z,8868347.8173615,False
1490749693697081354,2022-02-07T18:09:58.000Z,41857759.981857,False
1490827367753056257,2022-02-07T23:18:37.000Z,57697406.09718,False
1490832993258450944,2022-02-07T23:40:58.000Z,24259277.954976,False
1491525871517286404,2022-02-09T21:34:13.000Z,5591274.480561,False
1491631000232759305,2022-02-10T04:31:58.000Z,10148975.804901,True
1491634769934753799,2022-02-10T04:46:57.000Z,6009621.7243665,True
1491636510642167809,2022-02-10T04:53:52.000Z,35842439.138136,True
1491639263686844418,2022-02-10T05:04:48.000Z,12744904.743885,True
1491817170258563080,2022-02-10T16:51:44.000Z,43353958.15533,True
1492227328386154509,2022-02-11T20:01:33.000Z,107507231.007732,False
1493310083014475778,2022-02-14T19:44:02.000Z,12331738.5176745,True
1493358044989767683,2022-02-14T22:54:37.000Z,19553798.067234,False
1493411717019230209,2022-02-15T02:27:54.000Z,12263787.479217,False
1493412698696171521,2022-02-15T02:31:48.000Z,9537296.896839,False
1494400631712501764,2022-02-17T19:57:29.000Z,42592468.1308095,False
1494401652299898882,2022-02-17T20:01:33.000Z,12392874.5252955,False
1494821520815779843,2022-02-18T23:49:57.000Z,28953957.4137315,False
1495228461350227968,2022-02-20T02:46:59.000Z,55339006.887936,True
1495229521443770370,2022-02-20T02:51:12.000Z,15632604.6814305,False
1495229925799825408,2022-02-20T02:52:48.000Z,12504385.9655325,False
1495901654872383499,2022-02-21T23:22:01.000Z,33399908.1739455,True
1495917323911409670,2022-02-22T00:24:17.000Z,7271239.3627305,False
1496064747254525956,2022-02-22T10:10:05.000Z,22938038.760288,False
1496066844284928003,2022-02-22T10:18:25.000Z,8730174.063501,False
1496252264171941888,2022-02-22T22:35:13.000Z,35503760.003349,True
1499472139333746691,2022-03-03T19:49:51.000Z,57002551.9297275,False
1499907549746937860,2022-03-05T00:40:01.000Z,84851637.4143345,False
1499909806504779779,2022-03-05T00:48:59.000Z,31723729.4200185,False
1499917894767063043,2022-03-05T01:21:07.000Z,83346830.7808575,False
1499918115018313728,2022-03-05T01:22:00.000Z,46066539.6981645,False
1499972826828259328,2022-03-05T04:59:24.000Z,22471826.884701,False
1499976967105433600,2022-03-05T05:15:51.000Z,92918521.663731,False
1500316700922757123,2022-03-06T03:45:50.000Z,53641904.7937215,True
1500330068228280321,2022-03-06T04:38:57.000Z,37907991.291318,False
1500472879724392448,2022-03-06T14:06:26.000Z,30023957.1090435,False
1500475796623749120,2022-03-06T14:18:02.000Z,14027565.284481,False
1500613952031444995,2022-03-06T23:27:00.000Z,51827512.4319525,False
1500615542758985728,2022-03-06T23:33:20.000Z,26554110.0637275,False
1500621510188285956,2022-03-06T23:57:02.000Z,25637707.6131165,False
1500740461115461632,2022-03-07T07:49:42.000Z,61284105.016254,False
1501449525831081987,2022-03-09T06:47:17.000Z,107653096.580022,True
1501558771293765636,2022-03-09T14:01:23.000Z,24947197.5296475,False
1502963281249673221,2022-03-13T11:02:24.000Z,18106580.4370245,False
1503123611988766730,2022-03-13T21:39:30.000Z,29141231.2728,False
1503184467397128194,2022-03-14T01:41:19.000Z,10356296.216664,False
1503186160524439557,2022-03-14T01:48:03.000Z,5630889.338172,False
1503276966874595330,2022-03-14T07:48:53.000Z,121022712.4839195,True
1503287788652871680,2022-03-14T08:31:53.000Z,188140404.1882545,True
1503305538356011009,2022-03-14T09:42:25.000Z,13551270.3515745,False
1503322032477552641,2022-03-14T10:47:57.000Z,16104236.6985015,False
1503327421839417344,2022-03-14T11:09:22.000Z,73541914.398246,False
1503338552016482308,2022-03-14T11:53:36.000Z,19350502.9076025,False
1503533028127264772,2022-03-15T00:46:22.000Z,18033288.965046,False
1503828461235982339,2022-03-15T20:20:19.000Z,37171210.7353275,True
1503831484523819011,2022-03-15T20:32:20.000Z,51433476.116862,False
1504311459924398083,2022-03-17T04:19:35.000Z,40653093.6830565,False
1504349978487324672,2022-03-17T06:52:38.000Z,45392329.893129,False
1504351035560763395,2022-03-17T06:56:51.000Z,20048385.977649,False
1505022319915421696,2022-03-19T03:24:17.000Z,24635658.956262,False
1505022792554663944,2022-03-19T03:26:10.000Z,11345591.5994385,False
1505058536857997314,2022-03-19T05:48:12.000Z,11385086.895105,True
1505058886130311169,2022-03-19T05:49:35.000Z,7677749.9740305,False
1505100708256825347,2022-03-19T08:35:46.000Z,116949276.888786,True
1505977175488483339,2022-03-21T18:38:32.000Z,30480843.1529595,False
1506262079963111440,2022-03-22T13:30:39.000Z,40188475.9667295,False
1507041396242407424,2022-03-24T17:07:22.000Z,12531925.066749,False
1507091587041484805,2022-03-24T20:26:49.000Z,12750285.0313875,False
1507143572226772993,2022-03-24T23:53:23.000Z,16019427.4258695,False
1507144087689912320,2022-03-24T23:55:26.000Z,8487981.4179255,False
1507162047171153925,2022-03-25T01:06:48.000Z,27221584.5458895,True
1507164164208402435,2022-03-25T01:15:13.000Z,7998853.502976,True
1507259709224632344,2022-03-25T07:34:52.000Z,38895293.9750175,False
1507272763597373461,2022-03-25T08:26:45.000Z,22413440.8018035,False
1507596559831101446,2022-03-26T05:53:24.000Z,23970695.2749345,True
1507777261654605828,2022-03-26T17:51:26.000Z,43974006.399507,False
1507777913042571267,2022-03-26T17:54:02.000Z,55360846.869798,False
1508111817079341056,2022-03-27T16:00:51.000Z,39060209.7504645,False
1508356357967122434,2022-03-28T08:12:34.000Z,24128995.2894525,False
1508367467269136387,2022-03-28T08:56:42.000Z,50623922.1906525,True
1508375633054760962,2022-03-28T09:29:09.000Z,13904097.649794,False
1508540042817376256,2022-03-28T20:22:28.000Z,18564941.078256,False
1508565936449622018,2022-03-28T22:05:21.000Z,7864505.7313395,False
1508983155205804038,2022-03-30T01:43:14.000Z,10561185.5355555,False
