id,created_at,score
1501293024034308108,2022-03-08T20:25:24.000Z,13627.1574415
1501293024034308108,2022-03-08T20:25:24.000Z,13627.1574415
1501294322347651080,2022-03-08T20:30:33.000Z,16752.878958
1501294322347651080,2022-03-08T20:30:33.000Z,16752.878958
1501295530005118979,2022-03-08T20:35:21.000Z,5053.0438745
1501295530005118979,2022-03-08T20:35:21.000Z,5053.0438745
1501296194957549568,2022-03-08T20:38:00.000Z,13676.5759635
1501296194957549568,2022-03-08T20:38:00.000Z,13676.5759635
1501296793132449795,2022-03-08T20:40:22.000Z,26574.8102055
1501296793132449795,2022-03-08T20:40:22.000Z,26574.8102055
1501298060248461312,2022-03-08T20:45:24.000Z,74313.1024575
1501298060248461312,2022-03-08T20:45:24.000Z,74313.1024575
1501298217278976005,2022-03-08T20:46:02.000Z,23844.436865
1501298217278976005,2022-03-08T20:46:02.000Z,23844.436865
1501298963973959685,2022-03-08T20:49:00.000Z,107559.413133
1501298963973959685,2022-03-08T20:49:00.000Z,107559.413133
1501299214814523397,2022-03-08T20:50:00.000Z,11687.480453
1501299214814523397,2022-03-08T20:50:00.000Z,11687.480453
1501299309907611653,2022-03-08T20:50:22.000Z,100912.621924
1501299309907611653,2022-03-08T20:50:22.000Z,100912.621924
1501300472874823680,2022-03-08T20:55:00.000Z,13849.5407905
1501300472874823680,2022-03-08T20:55:00.000Z,13849.5407905
1501300583268978690,2022-03-08T20:55:26.000Z,16542.8502395
1501300583268978690,2022-03-08T20:55:26.000Z,16542.8502395
1501301735293341697,2022-03-08T21:00:01.000Z,2816.855754
1501301735293341697,2022-03-08T21:00:01.000Z,2816.855754
1501302042131943434,2022-03-08T21:01:14.000Z,16048.6650195
1501302042131943434,2022-03-08T21:01:14.000Z,16048.6650195
1501303093790711818,2022-03-08T21:05:25.000Z,4855.3697865
1501303093790711818,2022-03-08T21:05:25.000Z,4855.3697865
1501303375442284546,2022-03-08T21:06:32.000Z,12255.793456
1501303651918299145,2022-03-08T21:07:38.000Z,13194.745374
1501304247886831620,2022-03-08T21:10:00.000Z,14269.5982275
1501304356959780864,2022-03-08T21:10:26.000Z,7202.7495815
1501305606648610817,2022-03-08T21:15:24.000Z,63712.8294885
1501306831225954304,2022-03-08T21:20:16.000Z,17321.191961
1501308079203356673,2022-03-08T21:25:13.000Z,77698.2712145
1501309283366965249,2022-03-08T21:30:00.000Z,3792.8715635
1501309354221264898,2022-03-08T21:30:17.000Z,6103.187467
1501310539472924673,2022-03-08T21:35:00.000Z,2866.274276
1501310602307944449,2022-03-08T21:35:15.000Z,3879.353977
1501311797457920002,2022-03-08T21:40:00.000Z,20224.5301285
1501311859965808641,2022-03-08T21:40:15.000Z,20348.0764335
1501313056256626689,2022-03-08T21:45:00.000Z,25969.433311
1501313117707452423,2022-03-08T21:45:14.000Z,49801.5155455
1501314314208268288,2022-03-08T21:50:00.000Z,38274.645289
1501314379031187459,2022-03-08T21:50:15.000Z,128834.086854
1501315572457361409,2022-03-08T21:55:00.000Z,5090.107766
1501315647703187463,2022-03-08T21:55:18.000Z,5226.0087015
1501316836100657155,2022-03-08T22:00:01.000Z,4027.609543
1501317067311620099,2022-03-08T22:00:56.000Z,8994.171004
1501318089362661382,2022-03-08T22:05:00.000Z,11811.026758
1501318151392403458,2022-03-08T22:05:15.000Z,13318.291679
1501319414851018760,2022-03-08T22:10:16.000Z,12861.1703505
1501320605508911108,2022-03-08T22:15:00.000Z,42240.4816795
1501320675776204802,2022-03-08T22:15:16.000Z,3978.191021
1501320866101088259,2022-03-08T22:16:02.000Z,36915.635934
1501321932884480005,2022-03-08T22:20:16.000Z,33505.757916
1501322467587112962,2022-03-08T22:22:24.000Z,20508.68663
1501323122259156994,2022-03-08T22:25:00.000Z,24598.0693255
1501323183407845377,2022-03-08T22:25:14.000Z,12465.8221745
1501324380529377283,2022-03-08T22:30:00.000Z,3484.005801
1501324458019201025,2022-03-08T22:30:18.000Z,3817.5808245
1501325697293246468,2022-03-08T22:35:14.000Z,2384.4436865
1501326968863789062,2022-03-08T22:40:17.000Z,5015.979983
1501328155985936388,2022-03-08T22:45:00.000Z,8524.695045
1501328225972203521,2022-03-08T22:45:17.000Z,11811.026758
1501329477657374721,2022-03-08T22:50:15.000Z,6757.9828835
1501330738498740236,2022-03-08T22:55:16.000Z,3632.261367
1501331284295102466,2022-03-08T22:57:26.000Z,23016.6766215
1501331649329610754,2022-03-08T22:58:53.000Z,6177.31525
1501331938744803328,2022-03-08T23:00:02.000Z,4855.3697865
1501332099911012354,2022-03-08T23:00:40.000Z,6276.152294
1501332323211485185,2022-03-08T23:01:33.000Z,11712.189714
1501333188857057280,2022-03-08T23:05:00.000Z,6918.59308
1501333259007012869,2022-03-08T23:05:17.000Z,15443.288125
1501334519923687427,2022-03-08T23:10:17.000Z,4620.631807
1501334951396098051,2022-03-08T23:12:00.000Z,21991.24229
1501335705015963657,2022-03-08T23:15:00.000Z,5559.583725
1501335786276495367,2022-03-08T23:15:19.000Z,6893.883819
1501336963567300612,2022-03-08T23:20:00.000Z,48121.2857975
1501337033603633154,2022-03-08T23:20:16.000Z,3632.261367
1501338221892055042,2022-03-08T23:25:00.000Z,28563.905716
1501338291815305221,2022-03-08T23:25:16.000Z,19260.8689495
1501339480745197573,2022-03-08T23:30:00.000Z,2705.6640795
1501339584667467781,2022-03-08T23:30:25.000Z,28032.6566045
1501340812474421249,2022-03-08T23:35:17.000Z,14949.102905
1501341997059117062,2022-03-08T23:40:00.000Z,4385.8938275
1501342085114253314,2022-03-08T23:40:21.000Z,22633.683076
1501343255295770624,2022-03-08T23:45:00.000Z,18606.073533
1501343339483914242,2022-03-08T23:45:20.000Z,18371.3355535
1501344606277058560,2022-03-08T23:50:22.000Z,2989.820581
1501345845748379656,2022-03-08T23:55:17.000Z,63799.311902
1501347333388349440,2022-03-09T00:01:12.000Z,9154.7812005
1501349546378641414,2022-03-09T00:10:00.000Z,2026.159402
1501349629341978635,2022-03-09T00:10:20.000Z,15603.8983215
1501350891265433601,2022-03-09T00:15:20.000Z,90979.499002
1501352137372143617,2022-03-09T00:20:17.000Z,17172.936395
1501353395549970433,2022-03-09T00:25:17.000Z,30985.413294
1501354581602680833,2022-03-09T00:30:00.000Z,1989.0955105
1501354668357734402,2022-03-09T00:30:21.000Z,8957.1071125
1501355919376064518,2022-03-09T00:35:19.000Z,18013.051269
1501357183040163843,2022-03-09T00:40:20.000Z,38138.7443535
1501358442484846592,2022-03-09T00:45:21.000Z,14417.8537935
1501359693893185537,2022-03-09T00:50:19.000Z,5794.3217045
1501360948170444800,2022-03-09T00:55:18.000Z,30627.1290095
1501362130301292550,2022-03-09T01:00:00.000Z,2767.437232
1501362360770080771,2022-03-09T01:00:55.000Z,3978.191021
1501363388089315330,2022-03-09T01:05:00.000Z,19792.118061
1501363465621061634,2022-03-09T01:05:18.000Z,18655.492055
1501364721815105543,2022-03-09T01:10:18.000Z,3595.1974755
1501365904092839936,2022-03-09T01:15:00.000Z,30886.57625
1501366001664987137,2022-03-09T01:15:23.000Z,6412.0532295
1501367257888403457,2022-03-09T01:20:22.000Z,26031.2064635
1501368527030296583,2022-03-09T01:25:25.000Z,125819.557012
1501369830166913030,2022-03-09T01:30:36.000Z,20496.3319995
1501371026575343617,2022-03-09T01:35:21.000Z,12342.2758695
1501372288494624770,2022-03-09T01:40:22.000Z,36050.811799
1501373453974138887,2022-03-09T01:45:00.000Z,14973.812166
1501373536123904000,2022-03-09T01:45:19.000Z,4274.702153
1501373996717248512,2022-03-09T01:47:09.000Z,83294.918831
1501374000739622916,2022-03-09T01:47:10.000Z,11020.330406
1501374004187250688,2022-03-09T01:47:11.000Z,7906.96352
1501374798529761284,2022-03-09T01:50:20.000Z,6869.174558
1501376098545852421,2022-03-09T01:55:30.000Z,5596.6476165
1501377228956844034,2022-03-09T02:00:00.000Z,7363.359778
1501377377594716163,2022-03-09T02:00:35.000Z,40523.18804
1501378487277527041,2022-03-09T02:05:00.000Z,13837.18616
1501378575563476995,2022-03-09T02:05:21.000Z,8425.858001
1501379829781909513,2022-03-09T02:10:20.000Z,6164.9606195
1501381003578912773,2022-03-09T02:15:00.000Z,43179.4335975
1501381109464150020,2022-03-09T02:15:25.000Z,43451.2354685
1501382388898795524,2022-03-09T02:20:30.000Z,11613.35267
1501383607541190663,2022-03-09T02:25:21.000Z,13701.2852245
1501384778922147843,2022-03-09T02:30:00.000Z,4546.504024
1501384904017420298,2022-03-09T02:30:30.000Z,4583.5679155
1501386199428218880,2022-03-09T02:35:39.000Z,64491.17121
1501387391474487296,2022-03-09T02:40:23.000Z,9389.51918
1501388658653511680,2022-03-09T02:45:25.000Z,13095.90833
1501389889757134849,2022-03-09T02:50:18.000Z,3644.6159975
1501391152263700486,2022-03-09T02:55:19.000Z,3014.529842
1501392329478836226,2022-03-09T03:00:00.000Z,45403.2670875
1501392537717809154,2022-03-09T03:00:50.000Z,5201.2994405
1501393672771936256,2022-03-09T03:05:20.000Z,9018.880265
1501394929465057283,2022-03-09T03:10:20.000Z,1260.172311
1501396190549757953,2022-03-09T03:15:21.000Z,14615.5278815
1501397448937324546,2022-03-09T03:20:21.000Z,5238.363332
1501398701406924815,2022-03-09T03:25:19.000Z,7412.7783
1501399878274101248,2022-03-09T03:30:00.000Z,2643.890927
1501399998981976065,2022-03-09T03:30:29.000Z,9031.2348955
1501401136225349634,2022-03-09T03:35:00.000Z,2396.798317
1501401220950503424,2022-03-09T03:35:20.000Z,8413.5033705
1501402394596241414,2022-03-09T03:40:00.000Z,3928.772499
1501402487894552584,2022-03-09T03:40:22.000Z,124398.7745045
1501403652786901004,2022-03-09T03:45:00.000Z,18556.655011
1501403742767398914,2022-03-09T03:45:21.000Z,3941.1271295
1501405002023190528,2022-03-09T03:50:21.000Z,24758.679522
1501406253221916674,2022-03-09T03:55:20.000Z,9241.263614
1501407429837291526,2022-03-09T04:00:00.000Z,22547.2006625
1501407606602182660,2022-03-09T04:00:42.000Z,4027.609543
1501408766033596416,2022-03-09T04:05:19.000Z,34580.6107695
1501410036207267844,2022-03-09T04:10:22.000Z,2829.2103845
1501411292636143616,2022-03-09T04:15:21.000Z,15097.358471
1501412546397577221,2022-03-09T04:20:20.000Z,5930.22264
1501413802927177728,2022-03-09T04:25:20.000Z,18272.4985095
1501415085423661059,2022-03-09T04:30:25.000Z,3508.715062
1501416325876531204,2022-03-09T04:35:21.000Z,14788.4927085
1501417582947147776,2022-03-09T04:40:21.000Z,3113.366886
1501418834833592326,2022-03-09T04:45:19.000Z,46391.6375275
1501420096295686147,2022-03-09T04:50:20.000Z,15986.891867
1501421356994469889,2022-03-09T04:55:21.000Z,5090.107766
1501422759636881427,2022-03-09T05:00:55.000Z,3397.5233875
1501423785672511490,2022-03-09T05:05:00.000Z,22287.753422
1501423877007847424,2022-03-09T05:05:22.000Z,46947.5959
1501425165837770753,2022-03-09T05:10:29.000Z,14244.8889665
1501426302124965894,2022-03-09T05:15:00.000Z,25351.701786
1501426508769992709,2022-03-09T05:15:49.000Z,5670.7753995
1501427665743536129,2022-03-09T05:20:25.000Z,3335.750235
1501428927914553345,2022-03-09T05:25:26.000Z,30454.1641825
1501430078017884161,2022-03-09T05:30:00.000Z,8289.9570655
1501430210939473927,2022-03-09T05:30:32.000Z,6164.9606195
1501431423823142912,2022-03-09T05:35:21.000Z,4175.865109
1501432683318190081,2022-03-09T05:40:21.000Z,8055.219086
1501433851884699648,2022-03-09T05:45:00.000Z,4497.085502
1501433946206257159,2022-03-09T05:45:22.000Z,7215.104212
1501435214245076993,2022-03-09T05:50:25.000Z,33419.2755025
1501436463891849220,2022-03-09T05:55:22.000Z,17864.795703
1501437631028105218,2022-03-09T06:00:01.000Z,11823.3813885
1501437877351235596,2022-03-09T06:00:59.000Z,25178.736959
1501438143446323200,2022-03-09T06:02:03.000Z,102617.560933
1501438805915488258,2022-03-09T06:04:41.000Z,7276.8773645
1501438812504821763,2022-03-09T06:04:42.000Z,6325.570816
1501438817814736899,2022-03-09T06:04:44.000Z,6795.046775
1501438823925829636,2022-03-09T06:04:45.000Z,13528.3203975
1501438975973773317,2022-03-09T06:05:21.000Z,4472.376241
1501440233849634817,2022-03-09T06:10:21.000Z,2779.7918625
1501441067769483267,2022-03-09T06:13:40.000Z,19989.792149
1501441074832678912,2022-03-09T06:13:42.000Z,6943.302341
1501441401753673728,2022-03-09T06:15:00.000Z,29441.0844815
1501441526085398528,2022-03-09T06:15:29.000Z,7783.417215
1501442725106831361,2022-03-09T06:20:15.000Z,2050.868663
1501443977295405062,2022-03-09T06:25:14.000Z,4274.702153
1501445176392257538,2022-03-09T06:30:00.000Z,1618.4565955
1501445235087450113,2022-03-09T06:30:14.000Z,8771.787655
1501446490115481602,2022-03-09T06:35:13.000Z,3273.9770825
1501447746829565954,2022-03-09T06:40:13.000Z,3632.261367
1501448036588797960,2022-03-09T06:41:22.000Z,9426.5830715
1501448042070700035,2022-03-09T06:41:23.000Z,15023.230688
1501448395877064704,2022-03-09T06:42:47.000Z,8685.3052415
1501448402646683656,2022-03-09T06:42:49.000Z,8623.532089
1501448951240617985,2022-03-09T06:45:00.000Z,6696.209731
1501449004256616450,2022-03-09T06:45:12.000Z,2841.565015
1501449001929003014,2022-03-09T06:45:12.000Z,34074.070919
1501449009390493697,2022-03-09T06:45:14.000Z,3063.948364
1501449015140884480,2022-03-09T06:45:15.000Z,16728.169697
1501449185467383808,2022-03-09T06:45:56.000Z,23140.2229265
1501450279534923779,2022-03-09T06:50:16.000Z,28675.0973905
1501451523452198913,2022-03-09T06:55:13.000Z,18210.725357
1501452900769353729,2022-03-09T07:00:41.000Z,9401.8738105
1501453481462222848,2022-03-09T07:03:00.000Z,20681.651457
1501454711089733632,2022-03-09T07:07:53.000Z,5991.9957925
1501455297960980481,2022-03-09T07:10:13.000Z,19236.1596885
1501456560702296067,2022-03-09T07:15:14.000Z,3224.5585605
1501457820037832704,2022-03-09T07:20:14.000Z,3842.2900855
1501459074864537601,2022-03-09T07:25:13.000Z,5559.583725
1501460275853070337,2022-03-09T07:30:00.000Z,1717.2936395
1501460347227713540,2022-03-09T07:30:17.000Z,6757.9828835
1501461591509901312,2022-03-09T07:35:13.000Z,9648.9664205
1501462792519385089,2022-03-09T07:40:00.000Z,4385.8938275
1501462849629085696,2022-03-09T07:40:13.000Z,21904.7598765
1501464110097211395,2022-03-09T07:45:14.000Z,7622.8070185
1501465368149344256,2022-03-09T07:50:14.000Z,13676.5759635
1501465895708811269,2022-03-09T07:52:20.000Z,21076.999633
1501466626608222208,2022-03-09T07:55:14.000Z,2186.7695985
1501467826862833669,2022-03-09T08:00:00.000Z,2619.181666
1501468000276254721,2022-03-09T08:00:41.000Z,43525.3632515
1501469145757626368,2022-03-09T08:05:14.000Z,10699.110013
1501469743085068288,2022-03-09T08:07:37.000Z,6164.9606195
1501469758981488645,2022-03-09T08:07:41.000Z,4657.6956985
1501469774466797573,2022-03-09T08:07:44.000Z,9068.298787
1501469782297612290,2022-03-09T08:07:46.000Z,15369.160342
1501470401389547522,2022-03-09T08:10:14.000Z,8586.4681975
1501471676877389824,2022-03-09T08:15:18.000Z,4015.2549125
1501472924246716417,2022-03-09T08:20:15.000Z,392185.390592
1501474185763176451,2022-03-09T08:25:16.000Z,4484.7308715
1501475376601579521,2022-03-09T08:30:00.000Z,6115.5420975
1501475471778885633,2022-03-09T08:30:23.000Z,5151.8809185
1501476691293712386,2022-03-09T08:35:13.000Z,3978.191021
1501477965187751939,2022-03-09T08:40:17.000Z,4781.2420035
1501479218940682241,2022-03-09T08:45:16.000Z,5584.292986
1501480471498268673,2022-03-09T08:50:15.000Z,14405.499163
1501481728917094406,2022-03-09T08:55:15.000Z,8413.5033705
1501482937010765827,2022-03-09T09:00:03.000Z,9698.3849425
1501483176899792896,2022-03-09T09:01:00.000Z,3175.1400385
1501484242764718083,2022-03-09T09:05:14.000Z,5868.4494875
1501485503304151042,2022-03-09T09:10:14.000Z,4385.8938275
1501486700333191170,2022-03-09T09:15:00.000Z,19322.642102
1501486767609888768,2022-03-09T09:15:16.000Z,2569.763144
1501488019374854150,2022-03-09T09:20:14.000Z,2470.9261
1501489280308416512,2022-03-09T09:25:15.000Z,4064.6734345
1501490562700095490,2022-03-09T09:30:21.000Z,1914.9677275
1501491394120019968,2022-03-09T09:33:39.000Z,14800.847339
1501491801911443458,2022-03-09T09:35:16.000Z,4249.992892
1501493055895052300,2022-03-09T09:40:15.000Z,11675.1258225
1501494249803575299,2022-03-09T09:45:00.000Z,8697.659872
1501494249782747136,2022-03-09T09:45:00.000Z,3570.4882145
1501494321434005507,2022-03-09T09:45:17.000Z,2755.0826015
1501495576143314944,2022-03-09T09:50:16.000Z,4015.2549125
1501496839979384833,2022-03-09T09:55:17.000Z,51382.9082495
1501498041009909761,2022-03-09T10:00:04.000Z,57399.613303
1501498164137938945,2022-03-09T10:00:33.000Z,4188.2197395
1501499271455338500,2022-03-09T10:04:57.000Z,6449.117121
1501499348701564931,2022-03-09T10:05:15.000Z,5967.2865315
1501499846968356868,2022-03-09T10:07:14.000Z,11131.5220805
1501500608574013440,2022-03-09T10:10:16.000Z,5275.4272235
1501501799580123136,2022-03-09T10:15:00.000Z,15023.230688
1501501878890385409,2022-03-09T10:15:19.000Z,15023.230688
1501503058127339522,2022-03-09T10:20:00.000Z,2310.3159035
1501503142713769984,2022-03-09T10:20:20.000Z,4249.992892
1501504388187176961,2022-03-09T10:25:17.000Z,7190.394951
1501505575422550016,2022-03-09T10:30:00.000Z,4249.992892
1501505667391176706,2022-03-09T10:30:22.000Z,9043.589526
1501506891834433538,2022-03-09T10:35:14.000Z,5831.385596
1501508159722110976,2022-03-09T10:40:16.000Z,17864.795703
1501509349566418945,2022-03-09T10:45:00.000Z,21212.9005685
1501509421498871811,2022-03-09T10:45:17.000Z,22633.683076
1501510685242634243,2022-03-09T10:50:18.000Z,15356.8057115
1501511865880481796,2022-03-09T10:55:00.000Z,7425.1329305
1501511932565676032,2022-03-09T10:55:16.000Z,12428.758283
1501513286981931008,2022-03-09T11:00:39.000Z,7795.7718455
1501514437383106561,2022-03-09T11:05:13.000Z,7906.96352
1501515709414887425,2022-03-09T11:10:16.000Z,8277.602435
1501516981148782594,2022-03-09T11:15:19.000Z,25635.8582875
1501517413711753222,2022-03-09T11:17:02.000Z,18482.527228
1501518234658422784,2022-03-09T11:20:18.000Z,3076.3029945
1501519392949035008,2022-03-09T11:24:54.000Z,6585.0180565
1501519494220558338,2022-03-09T11:25:18.000Z,434784.156556
1501520765228883968,2022-03-09T11:30:21.000Z,11823.3813885
1501522009855037440,2022-03-09T11:35:18.000Z,4978.9160915
1501523190413201413,2022-03-09T11:40:00.000Z,5794.3217045
1501523263255683075,2022-03-09T11:40:17.000Z,4163.5104785
1501524521253232640,2022-03-09T11:45:17.000Z,5349.5550065
1501525785403928580,2022-03-09T11:50:18.000Z,236171.116638
1501527040461266944,2022-03-09T11:55:18.000Z,11848.0906495
1501527374386499587,2022-03-09T11:56:37.000Z,9080.6534175
1501528225289105408,2022-03-09T12:00:00.000Z,8944.752482
1501528409708670978,2022-03-09T12:00:44.000Z,23646.762777
1501529557567950848,2022-03-09T12:05:18.000Z,45514.458762
1501530822318383108,2022-03-09T12:10:19.000Z,36989.763717
1501532076084015105,2022-03-09T12:15:18.000Z,8092.2829775
1501533256897941509,2022-03-09T12:20:00.000Z,8759.4330245
1501533336556261378,2022-03-09T12:20:19.000Z,5658.420769
1501534595119988736,2022-03-09T12:25:19.000Z,3212.20393
1501534957591687171,2022-03-09T12:26:45.000Z,72015.1411845
1501535775825014789,2022-03-09T12:30:00.000Z,9945.4775525
1501535856473128964,2022-03-09T12:30:20.000Z,42499.92892
1501537093776035845,2022-03-09T12:35:15.000Z,13577.7389195
1501538290448539654,2022-03-09T12:40:00.000Z,29787.0141355
1501538367334461445,2022-03-09T12:40:18.000Z,166231.5533775
1501539631615168517,2022-03-09T12:45:20.000Z,11588.643409
1501540900333395973,2022-03-09T12:50:22.000Z,6622.081948
1501542145152499719,2022-03-09T12:55:19.000Z,13701.2852245
1501543330739417090,2022-03-09T13:00:02.000Z,8203.474652
1501543476822949891,2022-03-09T13:00:36.000Z,2470.9261
1501543855669354505,2022-03-09T13:02:07.000Z,12243.4388255
1501544657985187844,2022-03-09T13:05:18.000Z,11428.0332125
1501545860760547333,2022-03-09T13:10:05.000Z,24313.912824
1501545926854385674,2022-03-09T13:10:20.000Z,13392.419462
1501547047748395010,2022-03-09T13:14:48.000Z,8388.7941095
1501547181903331328,2022-03-09T13:15:20.000Z,35951.974755
1501548270614564868,2022-03-09T13:19:39.000Z,9290.682136
1501548442237214720,2022-03-09T13:20:20.000Z,68889.419668
1501549692831899651,2022-03-09T13:25:18.000Z,12749.978676
1501549874113826816,2022-03-09T13:26:02.000Z,11341.550799
1501551018739486720,2022-03-09T13:30:34.000Z,7029.7847545
1501552150534668290,2022-03-09T13:35:04.000Z,5522.5198335
1501552208655138822,2022-03-09T13:35:18.000Z,7696.9348015
1501553389540311041,2022-03-09T13:40:00.000Z,4978.9160915
1501553470725316609,2022-03-09T13:40:19.000Z,5386.618898
1501554647844151300,2022-03-09T13:45:00.000Z,2557.4085135
1501554737275154434,2022-03-09T13:45:21.000Z,3076.3029945
1501555989929152512,2022-03-09T13:50:20.000Z,1445.4917685
1501557264246788102,2022-03-09T13:55:24.000Z,21447.638548
1501558429063663623,2022-03-09T14:00:01.000Z,20273.9486505
1501558658857058305,2022-03-09T14:00:56.000Z,8771.787655
1501559681529044997,2022-03-09T14:05:00.000Z,9191.845092
1501559764312068098,2022-03-09T14:05:20.000Z,20224.5301285
1501560939761451011,2022-03-09T14:10:00.000Z,77191.731364
1501561027024109571,2022-03-09T14:10:21.000Z,103927.151766
1501562298762153992,2022-03-09T14:15:24.000Z,11082.1035585
1501563455886663687,2022-03-09T14:20:00.000Z,3039.239103
1501563541018615810,2022-03-09T14:20:20.000Z,25734.6953315
1501563851984146432,2022-03-09T14:21:34.000Z,10031.959966
1501564806515642373,2022-03-09T14:25:22.000Z,31739.0457545
1501565975895818248,2022-03-09T14:30:01.000Z,3582.842845
1501566076827619332,2022-03-09T14:30:25.000Z,39460.689817
1501566991257247752,2022-03-09T14:34:03.000Z,17185.2910255
1501567318484205568,2022-03-09T14:35:21.000Z,85444.624538
1501568489089167363,2022-03-09T14:40:00.000Z,10143.1516405
1501568579623395338,2022-03-09T14:40:21.000Z,51284.0712055
1501569747355422727,2022-03-09T14:45:00.000Z,17605.3484625
1501569856612745221,2022-03-09T14:45:26.000Z,4657.6956985
1501571092141465606,2022-03-09T14:50:20.000Z,6918.59308
1501572354299813897,2022-03-09T14:55:21.000Z,6053.768945
1501573764445884426,2022-03-09T15:00:57.000Z,58363.274482
1501574864284659712,2022-03-09T15:05:20.000Z,17679.4762455
1501576038966517765,2022-03-09T15:10:00.000Z,6473.826382
1501576139822747649,2022-03-09T15:10:24.000Z,18741.9744685
1501577441101373446,2022-03-09T15:15:34.000Z,39127.1147935
1501578644740837388,2022-03-09T15:20:21.000Z,39374.2074035
1501579911613628420,2022-03-09T15:25:23.000Z,19755.0541695
1501581205338263559,2022-03-09T15:30:32.000Z,24635.133217
1501582437620531203,2022-03-09T15:35:25.000Z,26438.90927
1501583677742100487,2022-03-09T15:40:21.000Z,8833.5608075
1501584357701693449,2022-03-09T15:43:03.000Z,6461.4717515
1501584951359250433,2022-03-09T15:45:25.000Z,18556.655011
1501586199365959693,2022-03-09T15:50:22.000Z,7944.0274115
1501587452938657801,2022-03-09T15:55:21.000Z,1914.9677275
1501588029206671361,2022-03-09T15:57:38.000Z,13787.767638
1501588828976521223,2022-03-09T16:00:49.000Z,12354.6305
1501588931116036099,2022-03-09T16:01:14.000Z,6498.535643
1501589570818875398,2022-03-09T16:03:46.000Z,7079.2032765
1501589880425496576,2022-03-09T16:05:00.000Z,3039.239103
1501589969751662592,2022-03-09T16:05:21.000Z,7906.96352
1501591138758803456,2022-03-09T16:10:00.000Z,9179.4904615
1501591227606700041,2022-03-09T16:10:21.000Z,29848.787288
1501592504084451338,2022-03-09T16:15:25.000Z,34802.9941185
1501593525108064264,2022-03-09T16:19:29.000Z,6770.337514
1501593655248920589,2022-03-09T16:20:00.000Z,4855.3697865
1501593748014342151,2022-03-09T16:20:22.000Z,13305.9370485
1501595011657474050,2022-03-09T16:25:23.000Z,4768.887373
1501595856402853888,2022-03-09T16:28:45.000Z,62390.884025
1501596174020595714,2022-03-09T16:30:00.000Z,12404.049022
1501596239875522562,2022-03-09T16:30:16.000Z,22806.647903
1501596287090798600,2022-03-09T16:30:27.000Z,8228.183913
1501596531199287310,2022-03-09T16:31:26.000Z,8697.659872
1501596864709378056,2022-03-09T16:32:45.000Z,10229.634054
1501596983341072387,2022-03-09T16:33:13.000Z,5213.654071
1501597480248561667,2022-03-09T16:35:12.000Z,11341.550799
1501597488549187588,2022-03-09T16:35:14.000Z,17098.808612
1501598136950788099,2022-03-09T16:37:48.000Z,8648.24135
1501598688489189378,2022-03-09T16:40:00.000Z,14850.265861
1501598740406325251,2022-03-09T16:40:12.000Z,62971.5516585
1501599998579982336,2022-03-09T16:45:12.000Z,39077.6962715
1501600734592204802,2022-03-09T16:48:08.000Z,15072.64921
1501600841408655362,2022-03-09T16:48:33.000Z,14726.719556
1501601234964393987,2022-03-09T16:50:07.000Z,3076.3029945
1501601252240764945,2022-03-09T16:50:11.000Z,2903.3381675
1501602514537529353,2022-03-09T16:55:12.000Z,4052.318804
1501603872149807110,2022-03-09T17:00:36.000Z,46663.4393985
1501605049314775046,2022-03-09T17:05:16.000Z,20780.488501
1501605330555482117,2022-03-09T17:06:23.000Z,31701.981863
1501606291835342848,2022-03-09T17:10:13.000Z,7165.68569
1501606670958575618,2022-03-09T17:11:43.000Z,8611.1774585
1501607206021648387,2022-03-09T17:13:51.000Z,9080.6534175
1501607553981202434,2022-03-09T17:15:14.000Z,111080.4828255
1501608814843506699,2022-03-09T17:20:14.000Z,11687.480453
1501610064125255689,2022-03-09T17:25:12.000Z,29255.765024
1501611275033272323,2022-03-09T17:30:01.000Z,2124.996446
1501611374207713281,2022-03-09T17:30:24.000Z,4484.7308715
1501612529457504259,2022-03-09T17:35:00.000Z,13219.454635
1501612583585001475,2022-03-09T17:35:13.000Z,11390.969321
1501613845688819717,2022-03-09T17:40:14.000Z,19940.373627
1501615045951868936,2022-03-09T17:45:00.000Z,2718.01871
1501615108820197379,2022-03-09T17:45:15.000Z,37829.878591
1501616359544963080,2022-03-09T17:50:13.000Z,22213.625639
1501617625629179906,2022-03-09T17:55:15.000Z,9525.4201155
1501618654114418693,2022-03-09T17:59:20.000Z,22658.392337
1501618999045545992,2022-03-09T18:00:42.000Z,33098.0551095
1501620874088173575,2022-03-09T18:08:09.000Z,60685.945016
1501621337600704516,2022-03-09T18:10:00.000Z,17333.5465915
1501621403363299328,2022-03-09T18:10:15.000Z,21398.220026
1501622654033293316,2022-03-09T18:15:14.000Z,20533.395891
1501622668310847497,2022-03-09T18:15:17.000Z,16654.041914
1501623854333976577,2022-03-09T18:20:00.000Z,2285.6066425
1501623916611383302,2022-03-09T18:20:15.000Z,12873.524981
1501625152706121728,2022-03-09T18:25:09.000Z,1927.322358
1501625176559075336,2022-03-09T18:25:15.000Z,30491.228074
1501625608618622976,2022-03-09T18:26:58.000Z,10699.110013
1501626481805512714,2022-03-09T18:30:26.000Z,48393.0876685
1501627692860518401,2022-03-09T18:35:15.000Z,16209.275216
1501628887150866432,2022-03-09T18:40:00.000Z,8598.822828
1501628954591088641,2022-03-09T18:40:16.000Z,17185.2910255
1501630225591021570,2022-03-09T18:45:19.000Z,18420.7540755
1501631472079450112,2022-03-09T18:50:16.000Z,17543.57531
1501631490966253572,2022-03-09T18:50:21.000Z,10785.5924265
1501632721206091785,2022-03-09T18:55:14.000Z,26352.4268565
1501634120446791681,2022-03-09T19:00:47.000Z,4435.3123495
1501634484181303298,2022-03-09T19:02:14.000Z,12169.3110425
1501635254196613125,2022-03-09T19:05:18.000Z,22238.3349
1501635584183390212,2022-03-09T19:06:36.000Z,26475.9731615
1501636436805578752,2022-03-09T19:10:00.000Z,6992.720863
1501636514379411458,2022-03-09T19:10:18.000Z,19507.9615595
1501637173187125251,2022-03-09T19:12:55.000Z,6585.0180565
1501637766664306688,2022-03-09T19:15:17.000Z,24943.9989795
1501639018626359303,2022-03-09T19:20:15.000Z,45724.4874805
1501640282449797136,2022-03-09T19:25:17.000Z,22510.136771
1501641589361455104,2022-03-09T19:30:28.000Z,8376.439479
1501642288426061826,2022-03-09T19:33:15.000Z,55484.6455755
1501642728471351300,2022-03-09T19:35:00.000Z,15109.7131015
1501642794699481101,2022-03-09T19:35:16.000Z,13676.5759635
1501644057755455497,2022-03-09T19:40:17.000Z,5436.03742
1501645343657803776,2022-03-09T19:45:23.000Z,5621.3568775
1501646563822772224,2022-03-09T19:50:14.000Z,13960.732465
1501647829902798853,2022-03-09T19:55:16.000Z,63885.7943155
1501649197359063044,2022-03-09T20:00:42.000Z,4719.468851
1501650348947251203,2022-03-09T20:05:17.000Z,50703.403572
1501651536165830657,2022-03-09T20:10:00.000Z,8116.9922385
1501651621721354244,2022-03-09T20:10:20.000Z,26265.944443
1501652794662703105,2022-03-09T20:15:00.000Z,6819.756036
1501652869451235328,2022-03-09T20:15:18.000Z,5077.7531355
1501654053167800320,2022-03-09T20:20:00.000Z,6757.9828835
1501654121908211715,2022-03-09T20:20:16.000Z,48961.4006715
1501655311328833538,2022-03-09T20:25:00.000Z,19841.536583
1501655384062369793,2022-03-09T20:25:17.000Z,6152.605989
1501656570953879561,2022-03-09T20:30:00.000Z,6906.2384495
1501656703754027012,2022-03-09T20:30:32.000Z,10340.8257285
1501657828108423177,2022-03-09T20:35:00.000Z,2853.9196455
1501657902691631107,2022-03-09T20:35:18.000Z,21299.382982
1501658255168192513,2022-03-09T20:36:42.000Z,10637.3368605
1501659086449950723,2022-03-09T20:40:00.000Z,10970.911884
1501659156457172995,2022-03-09T20:40:17.000Z,6930.9477105
1501660459619000328,2022-03-09T20:45:27.000Z,23387.3155365
1501661677141516298,2022-03-09T20:50:18.000Z,15418.578864
1501662943510994949,2022-03-09T20:55:19.000Z,16135.147433
1501664289534451712,2022-03-09T21:00:40.000Z,19730.3449085
1501664808814485504,2022-03-09T21:02:44.000Z,4151.155848
1501665459262922753,2022-03-09T21:05:19.000Z,6918.59308
1501666699178819584,2022-03-09T21:10:15.000Z,3928.772499
1501667601889603586,2022-03-09T21:13:50.000Z,67975.177011
1501667894094094341,2022-03-09T21:15:00.000Z,4422.957719
1501667978454224903,2022-03-09T21:15:20.000Z,18260.143879
1501669224347021312,2022-03-09T21:20:17.000Z,56250.6326665
1501670410609381381,2022-03-09T21:25:00.000Z,11119.16745
1501670477672112132,2022-03-09T21:25:16.000Z,9389.51918
1501671671161311237,2022-03-09T21:30:00.000Z,1618.4565955
1501671784093032453,2022-03-09T21:30:27.000Z,15752.1538875
1501671824320520194,2022-03-09T21:30:37.000Z,21262.3190905
1501673008137752578,2022-03-09T21:35:19.000Z,37446.8850455
1501673429631582214,2022-03-09T21:37:00.000Z,3978.191021
1501674260020051969,2022-03-09T21:40:18.000Z,19705.6356475
1501675444050948098,2022-03-09T21:45:00.000Z,56732.463256
1501675512980291588,2022-03-09T21:45:16.000Z,16135.147433
1501676774882750468,2022-03-09T21:50:17.000Z,14924.393644
1501678047564648449,2022-03-09T21:55:21.000Z,11946.9276935
1501679222510678018,2022-03-09T22:00:01.000Z,2878.6289065
1501679437678587905,2022-03-09T22:00:52.000Z,8747.078394
1501680548208685063,2022-03-09T22:05:17.000Z,8462.9218925
1501681735116812288,2022-03-09T22:10:00.000Z,14615.5278815
1501681810039844864,2022-03-09T22:10:18.000Z,21225.255199
1501681875353489410,2022-03-09T22:10:33.000Z,13898.9593125
1501683083958960133,2022-03-09T22:15:21.000Z,23115.5136655
1501684252039163905,2022-03-09T22:20:00.000Z,1952.031619
1501684333693870091,2022-03-09T22:20:19.000Z,52976.655584
1501685510183559171,2022-03-09T22:25:00.000Z,37187.437805
1501685596036739072,2022-03-09T22:25:20.000Z,31627.85408
1501686118957424644,2022-03-09T22:27:25.000Z,17061.7447205
1501686874733228043,2022-03-09T22:30:25.000Z,11428.0332125
1501688026824523777,2022-03-09T22:35:00.000Z,2841.565015
1501688100501835781,2022-03-09T22:35:17.000Z,6202.024511
1501689360374243328,2022-03-09T22:40:18.000Z,16604.623392
1501690621387550727,2022-03-09T22:45:18.000Z,3978.191021
1501691877300576263,2022-03-09T22:50:18.000Z,14949.102905
1501693138724864003,2022-03-09T22:55:19.000Z,7696.9348015
1501694213955768323,2022-03-09T22:59:35.000Z,11057.3942975
1501694560640155653,2022-03-09T23:00:58.000Z,5201.2994405
1501695576899035141,2022-03-09T23:05:00.000Z,81688.816866
1501695658025230339,2022-03-09T23:05:19.000Z,11156.2313415
1501696834737033217,2022-03-09T23:10:00.000Z,5547.2290945
1501696932066074624,2022-03-09T23:10:23.000Z,16740.5243275
1501698178223120389,2022-03-09T23:15:20.000Z,25388.7656775
1501699432768847872,2022-03-09T23:20:19.000Z,131675.651869
1501700690166661120,2022-03-09T23:25:19.000Z,34778.2848575
1501701980653293575,2022-03-09T23:30:27.000Z,2396.798317
1501703215787687937,2022-03-09T23:35:21.000Z,6918.59308
1501704471277146118,2022-03-09T23:40:20.000Z,3953.48176
1501705157066858503,2022-03-09T23:43:04.000Z,5151.8809185
1501705719522938880,2022-03-09T23:45:18.000Z,17259.4188085
1501706989956743168,2022-03-09T23:50:21.000Z,5473.1013115
1501708251586519041,2022-03-09T23:55:22.000Z,7462.196822
1501709424188035074,2022-03-10T00:00:01.000Z,8240.5385435
1501709550117867521,2022-03-10T00:00:31.000Z,5695.4846605
1501710746752794629,2022-03-10T00:05:17.000Z,16579.914131
1501711934214791173,2022-03-10T00:10:00.000Z,11218.004494
1501712021846429699,2022-03-10T00:10:21.000Z,4015.2549125
1501713192845647873,2022-03-10T00:15:00.000Z,45922.1615685
1501713306993766404,2022-03-10T00:15:27.000Z,24116.238736
1501713947694485507,2022-03-10T00:18:00.000Z,4274.702153
1501714450923106305,2022-03-10T00:20:00.000Z,4583.5679155
1501714544179257345,2022-03-10T00:20:22.000Z,3619.9067365
1501715709059080196,2022-03-10T00:25:00.000Z,32307.3587575
1501715793381371906,2022-03-10T00:25:20.000Z,7981.091303
1501716969179000833,2022-03-10T00:30:00.000Z,8018.1551945
1501717105737146371,2022-03-10T00:30:33.000Z,25401.120308
1501718225729507337,2022-03-10T00:35:00.000Z,9068.298787
1501718324488679431,2022-03-10T00:35:23.000Z,13614.802811
1501719484280840197,2022-03-10T00:40:00.000Z,10810.3016875
1501719582373027843,2022-03-10T00:40:23.000Z,3150.4307775
1501720742534254604,2022-03-10T00:45:00.000Z,5337.200376
1501720838403465219,2022-03-10T00:45:23.000Z,10241.9886845
1501722000523337729,2022-03-10T00:50:00.000Z,2433.8622085
1501722098749911041,2022-03-10T00:50:23.000Z,5077.7531355
1501723349759799297,2022-03-10T00:55:21.000Z,4138.8012175
1501724521350447115,2022-03-10T01:00:01.000Z,6152.605989
1501724791308439556,2022-03-10T01:01:05.000Z,3026.8844725
1501725775606648832,2022-03-10T01:05:00.000Z,45526.8133925
1501725878094598144,2022-03-10T01:05:24.000Z,16579.914131
1501727122846593026,2022-03-10T01:10:21.000Z,12601.72311
1501728390478536706,2022-03-10T01:15:23.000Z,6597.372687
1501729680113782785,2022-03-10T01:20:31.000Z,3014.529842
1501730917504765954,2022-03-10T01:25:26.000Z,25141.6730675
1501732068111405060,2022-03-10T01:30:00.000Z,2372.089056
1501732187036696583,2022-03-10T01:30:28.000Z,23906.2100175
1501733422502490112,2022-03-10T01:35:23.000Z,13590.09355
1501734677224243204,2022-03-10T01:40:22.000Z,14874.975122
1501735841810554885,2022-03-10T01:45:00.000Z,57708.4790655
1501735930041978882,2022-03-10T01:45:21.000Z,13392.419462
1501737187846537219,2022-03-10T01:50:21.000Z,18914.9392955
1501738358422347777,2022-03-10T01:55:00.000Z,11230.3591245
1501738459232452608,2022-03-10T01:55:24.000Z,4670.050329
1501739620563709958,2022-03-10T02:00:01.000Z,1902.613097
1501739830438469642,2022-03-10T02:00:51.000Z,8734.7237635
1501740875096985600,2022-03-10T02:05:00.000Z,6671.50047
1501740969615581184,2022-03-10T02:05:22.000Z,5559.583725
1501742133169901568,2022-03-10T02:10:00.000Z,12354.6305
1501742241731293184,2022-03-10T02:10:26.000Z,15344.451081
1501743391473692672,2022-03-10T02:15:00.000Z,9933.122922
1501743511703638019,2022-03-10T02:15:28.000Z,7178.0403205
1501744747731427333,2022-03-10T02:20:23.000Z,8981.8163735
1501745908228132865,2022-03-10T02:25:00.000Z,54372.7288305
1501746001949954052,2022-03-10T02:25:22.000Z,79786.203769
1501747286371622915,2022-03-10T02:30:28.000Z,15220.904776
1501748424940539904,2022-03-10T02:35:00.000Z,5139.526288
1501748519375409152,2022-03-10T02:35:22.000Z,3768.1623025
1501749777180073985,2022-03-10T02:40:22.000Z,14640.2371425
1501751045118210052,2022-03-10T02:45:24.000Z,3508.715062
1501752296618741764,2022-03-10T02:50:23.000Z,13046.489808
1501753552968069128,2022-03-10T02:55:22.000Z,4904.7883085
1501754723174531073,2022-03-10T03:00:01.000Z,3595.1974755
1501754955752951812,2022-03-10T03:00:57.000Z,20311.012542
1501756072276729858,2022-03-10T03:05:23.000Z,8512.3404145
1501757328038764544,2022-03-10T03:10:22.000Z,3891.7086075
1501758586963300355,2022-03-10T03:15:23.000Z,7165.68569
1501759847074828288,2022-03-10T03:20:23.000Z,3236.913191
1501761064937168898,2022-03-10T03:25:13.000Z,4793.596634
1501762348901715977,2022-03-10T03:30:20.000Z,11242.713755
1501763586590494721,2022-03-10T03:35:15.000Z,11526.8702565
1501764833934516232,2022-03-10T03:40:12.000Z,6424.40786
1501766091697229827,2022-03-10T03:45:12.000Z,5226.0087015
1501767356963594249,2022-03-10T03:50:14.000Z,8475.276523
1501768611999924226,2022-03-10T03:55:13.000Z,11625.7073005
1501769817258442754,2022-03-10T04:00:00.000Z,2211.4788595
1501769920413147138,2022-03-10T04:00:25.000Z,3941.1271295
1501771128531996675,2022-03-10T04:05:13.000Z,5954.931901
1501772332075032584,2022-03-10T04:10:00.000Z,6968.011602
1501772391533490178,2022-03-10T04:10:14.000Z,4546.504024
1501773649631715328,2022-03-10T04:15:14.000Z,14887.3297525
1501774909202120707,2022-03-10T04:20:14.000Z,10489.0812945
1501776164611833857,2022-03-10T04:25:13.000Z,58981.006007
1501777366271467523,2022-03-10T04:30:00.000Z,7635.161649
1501777453655674885,2022-03-10T04:30:21.000Z,3558.133584
1501778682142404609,2022-03-10T04:35:14.000Z,159004.094535
1501779941326741512,2022-03-10T04:40:14.000Z,6164.9606195
1501781140268408835,2022-03-10T04:45:00.000Z,8314.6663265
1501781196640067586,2022-03-10T04:45:13.000Z,4670.050329
1501782461377912837,2022-03-10T04:50:15.000Z,7153.3310595
1501783714715652098,2022-03-10T04:55:14.000Z,20483.977369
1501784916048027649,2022-03-10T05:00:00.000Z,6943.302341
1501785084462084098,2022-03-10T05:00:40.000Z,4620.631807
1501785974254284800,2022-03-10T05:04:12.000Z,120704.739985
1501786173680750592,2022-03-10T05:05:00.000Z,40745.571389
1501786232279511041,2022-03-10T05:05:14.000Z,6547.954165
1501787107873857542,2022-03-10T05:08:43.000Z,4694.75959
1501787486061834242,2022-03-10T05:10:13.000Z,5819.0309655
1501787501165301764,2022-03-10T05:10:16.000Z,4805.9512645
1501787505988751361,2022-03-10T05:10:17.000Z,11712.189714
1501787510598340610,2022-03-10T05:10:19.000Z,14936.7482745
1501788753760858116,2022-03-10T05:15:15.000Z,5065.398505
1501790009208320002,2022-03-10T05:20:14.000Z,2149.705707
1501791273916710917,2022-03-10T05:25:16.000Z,6918.59308
1501792464788729857,2022-03-10T05:30:00.000Z,1519.6195515
1501792554819465225,2022-03-10T05:30:21.000Z,2965.11132
1501793780504182793,2022-03-10T05:35:13.000Z,69581.278976
1501794782548426752,2022-03-10T05:39:12.000Z,2285.6066425
1501794787451551748,2022-03-10T05:39:13.000Z,10044.3145965
1501794792677642240,2022-03-10T05:39:15.000Z,15134.4223625
1501795047355949056,2022-03-10T05:40:15.000Z,8154.05613
1501795258681597953,2022-03-10T05:41:06.000Z,20743.4246095
1501796304720220164,2022-03-10T05:45:15.000Z,18791.3929905
1501797564684906498,2022-03-10T05:50:16.000Z,15554.4797995
1501798756303446018,2022-03-10T05:55:00.000Z,9698.3849425
1501798815908651008,2022-03-10T05:55:14.000Z,7709.289432
1501800017387950081,2022-03-10T06:00:00.000Z,2162.0603375
1501800203141238786,2022-03-10T06:00:45.000Z,3854.644716
1501800662492860419,2022-03-10T06:02:34.000Z,22695.4562285
1501801329081126912,2022-03-10T06:05:13.000Z,13454.1926145
1501802592007041025,2022-03-10T06:10:14.000Z,4632.9864375
1501803789589749761,2022-03-10T06:15:00.000Z,3941.1271295
1501803850059194369,2022-03-10T06:15:14.000Z,8005.800564
1501805117556801537,2022-03-10T06:20:16.000Z,5349.5550065
1501806368944234504,2022-03-10T06:25:15.000Z,10303.761837
1501807564601786369,2022-03-10T06:30:00.000Z,5732.548552
1501807646671790080,2022-03-10T06:30:19.000Z,6745.628253
1501808882737455104,2022-03-10T06:35:14.000Z,2952.7566895
1501810146523197444,2022-03-10T06:40:15.000Z,133961.2585115
1501810568755253258,2022-03-10T06:41:56.000Z,2643.890927
1501810575063412737,2022-03-10T06:41:58.000Z,33567.5310685
1501810588522991619,2022-03-10T06:42:01.000Z,10439.6627725
1501811352251551746,2022-03-10T06:45:03.000Z,9278.3275055
1501811398527102978,2022-03-10T06:45:14.000Z,9315.391397
1501811661824401409,2022-03-10T06:46:17.000Z,4225.283631
1501811992763400192,2022-03-10T06:47:36.000Z,5151.8809185
1501812308825174016,2022-03-10T06:48:51.000Z,7845.1903675
1501812659993419780,2022-03-10T06:50:15.000Z,3372.8141265
1501813916564918272,2022-03-10T06:55:14.000Z,4089.3826955
1501815115372380164,2022-03-10T07:00:00.000Z,2359.7344255
1501815248533303296,2022-03-10T07:00:32.000Z,3212.20393
1501816441238179840,2022-03-10T07:05:16.000Z,4385.8938275
1501816727650254854,2022-03-10T07:06:24.000Z,6029.059684
1501817695611805697,2022-03-10T07:10:15.000Z,11316.841538
1501818954377048069,2022-03-10T07:15:15.000Z,11242.713755
1501820209442734082,2022-03-10T07:20:15.000Z,5942.5772705
1501821479209607174,2022-03-10T07:25:17.000Z,27526.116754
1501822663907442688,2022-03-10T07:30:00.000Z,3941.1271295
1501822733759488007,2022-03-10T07:30:16.000Z,7351.0051475
1501823983917936641,2022-03-10T07:35:14.000Z,9278.3275055
1501825248366370816,2022-03-10T07:40:16.000Z,3990.5456515
1501826501565689857,2022-03-10T07:45:15.000Z,9883.7044
1501827763367460869,2022-03-10T07:50:16.000Z,7548.6792355
1501829035957043201,2022-03-10T07:55:19.000Z,6498.535643
1501830217882427392,2022-03-10T08:00:01.000Z,3026.8844725
1501830367933870082,2022-03-10T08:00:37.000Z,3311.040974
1501831536051687427,2022-03-10T08:05:15.000Z,10019.6053355
1501831633590112257,2022-03-10T08:05:38.000Z,5670.7753995
1501832800491941890,2022-03-10T08:10:16.000Z,3928.772499
1501833314042191872,2022-03-10T08:12:19.000Z,3521.0696925
1501833620163420163,2022-03-10T08:13:32.000Z,1013.079701
1501833625502773249,2022-03-10T08:13:33.000Z,4212.9290005
1501833628401106944,2022-03-10T08:13:34.000Z,8487.6311535
1501833634185035779,2022-03-10T08:13:35.000Z,7326.2958865
1501833988423536642,2022-03-10T08:15:00.000Z,6226.733772
1501834063958749187,2022-03-10T08:15:18.000Z,5522.5198335
1501834649475043333,2022-03-10T08:17:37.000Z,2396.798317
1501834654969593858,2022-03-10T08:17:39.000Z,2149.705707
1501834661189668867,2022-03-10T08:17:40.000Z,2026.159402
1501834666885611520,2022-03-10T08:17:41.000Z,3212.20393
1501834672505905161,2022-03-10T08:17:43.000Z,9821.9312475
1501834680148000769,2022-03-10T08:17:45.000Z,4583.5679155
1501835314599538688,2022-03-10T08:20:16.000Z,4632.9864375
1501836571091378177,2022-03-10T08:25:15.000Z,25203.44622
1501837843316068352,2022-03-10T08:30:19.000Z,3558.133584
1501839093482807300,2022-03-10T08:35:17.000Z,10365.5349895
1501840351660843015,2022-03-10T08:40:17.000Z,3150.4307775
1501841538355191809,2022-03-10T08:45:00.000Z,7190.394951
1501841608622362632,2022-03-10T08:45:17.000Z,4657.6956985
1501842863910539268,2022-03-10T08:50:16.000Z,9821.9312475
1501844115805589507,2022-03-10T08:55:14.000Z,11872.7999105
1501845316034830339,2022-03-10T09:00:00.000Z,8808.8515465
1501845542787334146,2022-03-10T09:00:54.000Z,27834.9825165
1501846635772588033,2022-03-10T09:05:15.000Z,10859.7202095
1501847900497842182,2022-03-10T09:10:17.000Z,45687.423589
1501849087968038914,2022-03-10T09:15:00.000Z,14603.173251
1501849157086154755,2022-03-10T09:15:16.000Z,3965.8363905
1501850394351308803,2022-03-10T09:20:11.000Z,2409.1529475
1501851643591204864,2022-03-10T09:25:09.000Z,11094.458189
1501852925987102722,2022-03-10T09:30:15.000Z,8796.496916
1501854172517445633,2022-03-10T09:35:12.000Z,7906.96352
1501855440702951424,2022-03-10T09:40:14.000Z,3879.353977
1501856638101118980,2022-03-10T09:45:00.000Z,4015.2549125
1501856691448684544,2022-03-10T09:45:13.000Z,33925.815353
1501857896086351884,2022-03-10T09:50:00.000Z,18581.364272
1501857953200197635,2022-03-10T09:50:13.000Z,5744.9031825
1501859204818210816,2022-03-10T09:55:12.000Z,4249.992892
1501860145898438657,2022-03-10T09:58:56.000Z,27019.5769035
1501860422575697927,2022-03-10T10:00:02.000Z,2779.7918625
1501860562602532865,2022-03-10T10:00:36.000Z,10872.07484
1501860819080028164,2022-03-10T10:01:37.000Z,16567.5595005
1501861267857981444,2022-03-10T10:03:24.000Z,5596.6476165
1501861671312236545,2022-03-10T10:05:00.000Z,2409.1529475
1501861719790043141,2022-03-10T10:05:11.000Z,1952.031619
1501862321874157568,2022-03-10T10:07:35.000Z,7338.650517
1501862463763062784,2022-03-10T10:08:09.000Z,18062.469791
1501862984066510855,2022-03-10T10:10:13.000Z,72830.5467975
1501863239172653060,2022-03-10T10:11:14.000Z,4101.737326
1501863808142540804,2022-03-10T10:13:29.000Z,8747.078394
1501864188146118664,2022-03-10T10:15:00.000Z,3397.5233875
1501864245012668416,2022-03-10T10:15:13.000Z,7635.161649
1501865506596433925,2022-03-10T10:20:14.000Z,9945.4775525
1501866762471714821,2022-03-10T10:25:14.000Z,51098.751748
1501867963045105671,2022-03-10T10:30:00.000Z,5497.8105725
1501868045979066368,2022-03-10T10:30:20.000Z,13244.163896
1501869279351820289,2022-03-10T10:35:14.000Z,5794.3217045
1501869819854999553,2022-03-10T10:37:23.000Z,6498.535643
1501870478755086337,2022-03-10T10:40:00.000Z,27587.8899065
1501870537810886660,2022-03-10T10:40:14.000Z,11366.26006
1501871795057700867,2022-03-10T10:45:14.000Z,23696.181299
1501873058885386245,2022-03-10T10:50:15.000Z,46910.5320085
1501874315926679555,2022-03-10T10:55:15.000Z,30590.065118
1501875520497147906,2022-03-10T11:00:02.000Z,6387.3439685
1501875688705605634,2022-03-10T11:00:42.000Z,107621.1862855
1501876827383635969,2022-03-10T11:05:13.000Z,6547.954165
1501878089294430213,2022-03-10T11:10:14.000Z,2853.9196455
1501879347652796418,2022-03-10T11:15:14.000Z,6350.280077
1501880606581571589,2022-03-10T11:20:14.000Z,9006.5256345
1501880831513616390,2022-03-10T11:21:08.000Z,66739.713961
1501881868924465155,2022-03-10T11:25:15.000Z,9352.4552885
1501883063713808386,2022-03-10T11:30:00.000Z,5386.618898
1501883142411624449,2022-03-10T11:30:19.000Z,16135.147433
1501884378150051843,2022-03-10T11:35:14.000Z,8932.3978515
1501885578459160580,2022-03-10T11:40:00.000Z,19853.8912135
1501885642237747206,2022-03-10T11:40:15.000Z,12614.0777405
1501886902215008256,2022-03-10T11:45:15.000Z,12861.1703505
1501888095213416448,2022-03-10T11:50:00.000Z,20916.3894365
1501888157914177537,2022-03-10T11:50:15.000Z,3879.353977
1501889410836615168,2022-03-10T11:55:13.000Z,1952.031619
1501889991315763211,2022-03-10T11:57:32.000Z,16876.425263
1501890819254542339,2022-03-10T12:00:49.000Z,6585.0180565
1501891870569512965,2022-03-10T12:05:00.000Z,3866.9993465
1501891935375659014,2022-03-10T12:05:15.000Z,13763.058377
1501893181201387526,2022-03-10T12:10:12.000Z,2792.146493
1501894452268482563,2022-03-10T12:15:15.000Z,36038.4571685
1501895710714834946,2022-03-10T12:20:15.000Z,43760.101231
1501896966724370432,2022-03-10T12:25:15.000Z,2792.146493
1501898161215787009,2022-03-10T12:30:00.000Z,27649.663059
1501898257122967553,2022-03-10T12:30:23.000Z,16431.658565
1501899480664363009,2022-03-10T12:35:14.000Z,27464.3436015
1501900677940842498,2022-03-10T12:40:00.000Z,2656.2455575
1501900746278817803,2022-03-10T12:40:16.000Z,4719.468851
1501902008474914819,2022-03-10T12:45:17.000Z,6177.31525
1501903261829406723,2022-03-10T12:50:16.000Z,3446.9419095
1501904519436853249,2022-03-10T12:55:16.000Z,14578.46399
1501905898444410886,2022-03-10T13:00:44.000Z,4188.2197395
1501907043850018818,2022-03-10T13:05:17.000Z,5127.1716575
1501908303579860996,2022-03-10T13:10:18.000Z,79489.692637
1501909485970808837,2022-03-10T13:15:00.000Z,13095.90833
1501909566644178951,2022-03-10T13:15:19.000Z,11465.097104
1501910282532237317,2022-03-10T13:18:10.000Z,12626.432371
1501910823517700101,2022-03-10T13:20:19.000Z,5250.7179625
1501912075823730689,2022-03-10T13:25:17.000Z,15789.217779
1501913264103428096,2022-03-10T13:30:01.000Z,4064.6734345
1501913312803663872,2022-03-10T13:30:12.000Z,3385.168757
1501913384132001792,2022-03-10T13:30:29.000Z,3755.807672
1501914597351170051,2022-03-10T13:35:18.000Z,32739.770825
1501915183731679244,2022-03-10T13:37:38.000Z,10513.7905555
1501915861367627781,2022-03-10T13:40:20.000Z,6634.4365785
1501917035831332866,2022-03-10T13:45:00.000Z,5905.513379
1501917114365530112,2022-03-10T13:45:18.000Z,29589.3400475
1501917984155123715,2022-03-10T13:48:46.000Z,5880.804118
1501918294470578177,2022-03-10T13:50:00.000Z,26772.4842935
1501918375303335940,2022-03-10T13:50:19.000Z,6337.9254465
1501919552661176321,2022-03-10T13:55:00.000Z,12243.4388255
1501919631581368322,2022-03-10T13:55:19.000Z,5127.1716575
1501920979022454787,2022-03-10T14:00:40.000Z,1457.846399
1501922155554123780,2022-03-10T14:05:20.000Z,20496.3319995
1501923407562223616,2022-03-10T14:10:19.000Z,2026.159402
1501924682173403138,2022-03-10T14:15:23.000Z,31578.435558
1501925843777458184,2022-03-10T14:20:00.000Z,14739.0741865
1501925931685978112,2022-03-10T14:20:21.000Z,6782.6921445
1501927181689176068,2022-03-10T14:25:19.000Z,48084.221906
1501928360213192706,2022-03-10T14:30:00.000Z,3755.807672
1501928484289060864,2022-03-10T14:30:29.000Z,4027.609543
1501929707670892557,2022-03-10T14:35:21.000Z,22769.5840115
1501930876883681282,2022-03-10T14:40:00.000Z,3212.20393
1501930964540289024,2022-03-10T14:40:21.000Z,3619.9067365
1501932197128785928,2022-03-10T14:45:15.000Z,4632.9864375
1501932220843397128,2022-03-10T14:45:20.000Z,5436.03742
1501933484369055745,2022-03-10T14:50:21.000Z,39040.63238
1501934746745458693,2022-03-10T14:55:22.000Z,5732.548552
1501936111601389582,2022-03-10T15:00:48.000Z,40016.6481895
1501937251470569472,2022-03-10T15:05:20.000Z,13725.9944855
1501937681747496969,2022-03-10T15:07:02.000Z,10106.087749
1501938426823655425,2022-03-10T15:10:00.000Z,4114.0919565
1501938514019057666,2022-03-10T15:10:21.000Z,8784.1422855
1501939788403777543,2022-03-10T15:15:24.000Z,14121.3426615
1501940943569760256,2022-03-10T15:20:00.000Z,22683.101598
1501941038180491278,2022-03-10T15:20:22.000Z,7771.0625845
1501942301504933892,2022-03-10T15:25:24.000Z,27340.7972965
1501943605333659657,2022-03-10T15:30:34.000Z,4447.66698
1501944718284013568,2022-03-10T15:35:00.000Z,16085.728911
1501944863020896264,2022-03-10T15:35:34.000Z,2186.7695985
1501944860919549957,2022-03-10T15:35:34.000Z,1013.079701
1501945515692285974,2022-03-10T15:38:10.000Z,12984.7166555
1501946069634011148,2022-03-10T15:40:22.000Z,2285.6066425
1501947302247735296,2022-03-10T15:45:16.000Z,41845.1335035
1501948558831861765,2022-03-10T15:50:15.000Z,12045.7647375
1501948681838157827,2022-03-10T15:50:45.000Z,14664.9464035
1501949804984909824,2022-03-10T15:55:13.000Z,16629.332653
1501951022696054787,2022-03-10T16:00:03.000Z,5312.491115
1501951171799359488,2022-03-10T16:00:38.000Z,5398.9735285
1501952328076771330,2022-03-10T16:05:14.000Z,70927.9337005
1501953576725266437,2022-03-10T16:10:12.000Z,9438.937702
1501954835465359369,2022-03-10T16:15:12.000Z,1581.392704
1501956043034685451,2022-03-10T16:20:00.000Z,4237.6382615
1501956104934330379,2022-03-10T16:20:15.000Z,1976.74088
1501957356137201672,2022-03-10T16:25:13.000Z,1803.776053
