id,created_at,score,url_present
1214137235177521153,2020-01-06T10:50:49.000Z,3433420.32364,False
1215249205368745984,2020-01-09T12:29:23.000Z,940392.4917,False
1215622634802573313,2020-01-10T13:13:15.000Z,437377.554255,False
1215891092417040384,2020-01-11T07:00:01.000Z,5581730.757265,False
1216595124500566016,2020-01-13T05:37:35.000Z,2426216.355865,False
1217298310928703488,2020-01-15T04:11:48.000Z,3381927.964255,False
1217329853445206018,2020-01-15T06:17:08.000Z,2730679.14098,False
1217739728386060290,2020-01-16T09:25:50.000Z,260723.16605,True
1218205529907974145,2020-01-17T16:16:46.000Z,2331897.56077,False
1218378127841251328,2020-01-18T03:42:36.000Z,1365004.11538,False
1218521017854726147,2020-01-18T13:10:24.000Z,294492.31379,False
1218769647861813248,2020-01-19T05:38:22.000Z,265121.35527,True
1218930021256941570,2020-01-19T16:15:38.000Z,5481765.134485,False
1219205332314083328,2020-01-20T10:29:37.000Z,1290458.53538,False
1219590917952352257,2020-01-21T12:01:48.000Z,1745838.847205,False
1219890622296838144,2020-01-22T07:52:43.000Z,1472312.47779,False
1220280158973759490,2020-01-23T09:40:36.000Z,695230.715475,True
1220579488268005376,2020-01-24T05:30:01.000Z,1252719.835505,False
1220952453345972224,2020-01-25T06:12:03.000Z,1598853.59984,False
1221280600914399232,2020-01-26T03:56:00.000Z,2630620.336225,False
1221321389266722817,2020-01-26T06:38:04.000Z,1410066.91849,False
1221674741070565378,2020-01-27T06:02:10.000Z,3244615.005895,False
1222093225730592771,2020-01-28T09:45:05.000Z,1941055.08483,False
1222857523595579392,2020-01-30T12:22:07.000Z,3062779.69988,False
1223132693807812609,2020-01-31T06:35:33.000Z,825107.75223,False
1223585803135139842,2020-02-01T12:36:03.000Z,377647.90828,False
1223625743499808768,2020-02-01T15:14:45.000Z,271830.45747,False
1223844263596703744,2020-02-02T05:43:05.000Z,1477828.85071,False
1224246728267718657,2020-02-03T08:22:20.000Z,299449.59486,True
1224311321249898496,2020-02-03T12:39:00.000Z,1628560.01347,False
1224647468308221952,2020-02-04T10:54:43.000Z,628903.78567,False
1224687390830157825,2020-02-04T13:33:22.000Z,4078444.590985,False
1224992883033419776,2020-02-05T09:47:17.000Z,2951240.875805,False
1225021214382362625,2020-02-05T11:39:51.000Z,2510154.678945,False
1225320086568751104,2020-02-06T07:27:28.000Z,472395.34046,False
1225634159164477441,2020-02-07T04:15:29.000Z,3180766.716625,False
1225720382520483840,2020-02-07T09:58:06.000Z,185823.494545,True
1225783422083309568,2020-02-07T14:08:36.000Z,1748037.941815,False
1226032014945505280,2020-02-08T06:36:25.000Z,545226.37212,True
1226318043938082817,2020-02-09T01:33:00.000Z,2462072.779845,False
1226420334649315328,2020-02-09T08:19:28.000Z,5901456.749885,False
1226755612232433664,2020-02-10T06:31:44.000Z,3871841.516015,False
1226819441377214465,2020-02-10T10:45:22.000Z,197638.968975,True
1227572087310544897,2020-02-12T12:36:07.000Z,991810.305505,False
1228212333245190144,2020-02-14T07:00:13.000Z,6494876.839475,False
1229298095302705157,2020-02-17T06:54:39.000Z,1790640.740785,False
1229470356903284738,2020-02-17T18:19:10.000Z,454765.31079,False
1229638511109853184,2020-02-18T05:27:21.000Z,5227117.433205,False
1229980401218785280,2020-02-19T04:05:54.000Z,2727641.408595,False
1230762130850250752,2020-02-21T07:52:13.000Z,1098485.030485,False
1230792569962946561,2020-02-21T09:53:10.000Z,1881772.712335,False
1230829672436400129,2020-02-21T12:20:36.000Z,2318274.356025,False
1231221724353617921,2020-02-22T14:18:28.000Z,414808.87991,False
1231247073569316866,2020-02-22T15:59:12.000Z,590419.629995,False
1231446636682854402,2020-02-23T05:12:12.000Z,1234474.8048,False
1231577765893361669,2020-02-23T13:53:15.000Z,765657.65218,False
1232290305828966400,2020-02-25T13:04:38.000Z,1223367.51338,False
1232635642711953411,2020-02-26T11:56:53.000Z,2035019.78842,False
1233018297349787650,2020-02-27T13:17:25.000Z,2144210.426725,False
1233265868592775168,2020-02-28T05:41:10.000Z,2341327.57664,False
1233989874769965056,2020-03-01T05:38:07.000Z,482962.176425,True
1234743097814175744,2020-03-03T07:31:09.000Z,3044534.669175,False
1235533805504450560,2020-03-05T11:53:08.000Z,869928.282205,False
1235774747801251840,2020-03-06T03:50:34.000Z,732428.959895,False
1235915096301252609,2020-03-06T13:08:15.000Z,800116.346535,False
1235918109568954369,2020-03-06T13:20:14.000Z,314787.347945,False
1235944510867165184,2020-03-06T15:05:08.000Z,147693.430375,False
1236150692550565894,2020-03-07T04:44:26.000Z,2179787.30478,False
1236244923436822530,2020-03-07T10:58:52.000Z,3045391.943345,False
1236491196895096834,2020-03-08T03:17:28.000Z,1117121.425485,False
1236518086729035778,2020-03-08T05:04:19.000Z,752127.62941,False
1236570919633424384,2020-03-08T08:34:16.000Z,1498925.24985,False
1236586195582210048,2020-03-08T09:34:58.000Z,2307017.973445,False
1236648786706853889,2020-03-08T13:43:41.000Z,2098569.89537,False
1236939382520606720,2020-03-09T08:58:24.000Z,1976911.50881,False
1237244186941722624,2020-03-10T05:09:35.000Z,1251173.01472,False
1237677111701200896,2020-03-11T09:49:53.000Z,332585.10517,False
1238032178900017152,2020-03-12T09:20:47.000Z,2214190.08995,False
1238121109356040193,2020-03-12T15:14:10.000Z,1329315.418955,False
1238701284334522374,2020-03-14T05:39:34.000Z,4368930.07985,False
1239836798601191425,2020-03-17T08:51:42.000Z,456815.31424,False
1239896246153891841,2020-03-17T12:47:55.000Z,1100851.85265,False
1239915942596898817,2020-03-17T14:06:11.000Z,3031992.37534,False
1240160020576137216,2020-03-18T06:16:04.000Z,1369029.5767,False
1240169660630224898,2020-03-18T06:54:22.000Z,296989.59072,False
1240942995521695750,2020-03-20T10:07:20.000Z,1486625.22915,False
1241003504891641863,2020-03-20T14:07:46.000Z,2207928.26123,False
1241717358596513792,2020-03-22T13:24:22.000Z,3892658.36923,False
1242338589326725120,2020-03-24T06:32:55.000Z,5948457.738075,False
1242429013206827009,2020-03-24T12:32:14.000Z,1808382.588825,False
1242507744084512769,2020-03-24T17:45:05.000Z,4365855.074675,False
1242727705348427777,2020-03-25T08:19:08.000Z,1554424.43416,False
1242770652106379264,2020-03-25T11:09:47.000Z,1367985.93858,False
1242776894216343553,2020-03-25T11:34:35.000Z,420287.98004,False
1243140818254217217,2020-03-26T11:40:42.000Z,1300950.825765,False
1243164431724343297,2020-03-26T13:14:32.000Z,438458.465165,False
1243468850839957504,2020-03-27T09:24:11.000Z,1200761.566245,False
1243508968321732610,2020-03-27T12:03:35.000Z,1069971.346135,False
1246762131225100293,2020-04-05T11:30:30.000Z,4467796.155325,False
1246831577364983809,2020-04-05T16:06:27.000Z,5579978.936135,False
1247504028453367808,2020-04-07T12:38:32.000Z,350606.499135,False
1248263756351590401,2020-04-09T14:57:25.000Z,308525.519225,False
1248293472311758849,2020-04-09T16:55:30.000Z,1108008.22833,False
1249220201549193217,2020-04-12T06:18:00.000Z,1367464.11952,False
1250005084093558789,2020-04-14T10:16:50.000Z,1254807.111745,False
1251579770569015296,2020-04-18T18:34:05.000Z,962159.80106,False
1251891142230044673,2020-04-19T15:11:21.000Z,968607.99373,False
1252615002713755648,2020-04-21T15:07:43.000Z,1373781.857425,False
1253620991764295680,2020-04-24T09:45:10.000Z,15528086.587135,False
1254000603908300801,2020-04-25T10:53:36.000Z,6317253.35873,False
1255404240975073280,2020-04-29T07:51:09.000Z,10753050.82384,False
1255727203578531840,2020-04-30T05:14:30.000Z,6066258.39087,False
1255837077637234688,2020-04-30T12:31:06.000Z,6732304.511775,False
1256080453666320385,2020-05-01T04:38:11.000Z,3565496.455005,False
1256489955007664129,2020-05-02T07:45:24.000Z,4160183.819455,False
1256868515509764096,2020-05-03T08:49:40.000Z,1860378.130875,False
1257266484201418753,2020-05-04T11:11:03.000Z,393656.571585,False
1257374744397176834,2020-05-04T18:21:14.000Z,827139.119285,False
1258375555482673153,2020-05-07T12:38:06.000Z,1660912.79519,False
1258414567656353795,2020-05-07T15:13:07.000Z,1986490.61584,False
1258642945810427904,2020-05-08T06:20:37.000Z,370249.259465,False
1259328558956081152,2020-05-10T03:45:00.000Z,4648420.095665,False
1259519314702434309,2020-05-10T16:23:00.000Z,2784948.32322,False
1260081004422631426,2020-05-12T05:34:57.000Z,897472.874015,False
1260160328467283968,2020-05-12T10:50:09.000Z,2520423.33259,False
1260250293712764933,2020-05-12T16:47:38.000Z,2094488.524865,False
1260451873603141638,2020-05-13T06:08:39.000Z,821939.56508,False
1261228507109093381,2020-05-15T09:34:43.000Z,2118604.019995,False
1261639234974179333,2020-05-16T12:46:48.000Z,9575752.4789,False
1264773399789871112,2020-05-25T04:20:51.000Z,2507452.40167,False
1264824068236165122,2020-05-25T07:42:11.000Z,1660726.43124,False
1265558174834311169,2020-05-27T08:19:16.000Z,2951706.78568,False
1268847582735822848,2020-06-05T10:10:12.000Z,1976892.872415,False
1268897662129983488,2020-06-05T13:29:12.000Z,178033.481435,False
1269147296089792513,2020-06-06T06:01:09.000Z,3150296.2108,False
1269216009371566081,2020-06-06T10:34:12.000Z,2376885.8183,False
1269236317885329408,2020-06-06T11:54:54.000Z,441328.469995,False
1269274586413236224,2020-06-06T14:26:58.000Z,1440872.879425,False
1270267577638334464,2020-06-09T08:12:45.000Z,412833.42204,False
1270672549836255233,2020-06-10T11:01:58.000Z,3844930.561635,False
1270964866359021569,2020-06-11T06:23:32.000Z,2908451.712885,False
1271687333654364161,2020-06-13T06:14:21.000Z,1914181.40324,False
1272104379659612165,2020-06-14T09:51:33.000Z,14106670.10409,False
1273162786105950208,2020-06-17T07:57:17.000Z,3705977.600515,False
1274601269257175041,2020-06-21T07:13:18.000Z,2184576.858295,False
1274624878239506432,2020-06-21T08:47:07.000Z,8135531.8733,False
1274920107333029889,2020-06-22T04:20:15.000Z,1464392.009915,False
1274968211230986240,2020-06-22T07:31:23.000Z,415069.78944,False
1275401135462002688,2020-06-23T12:11:41.000Z,259306.80003,True
1275429650039140353,2020-06-23T14:04:59.000Z,2497351.47558,False
1275846073421094916,2020-06-24T17:39:42.000Z,661200.658205,False
1276121881129746433,2020-06-25T11:55:40.000Z,1800741.666875,False
1277564212412366862,2020-06-29T11:26:58.000Z,1972308.319245,False
1278246450170744834,2020-07-01T08:37:57.000Z,1412154.19473,False
1278593046326771712,2020-07-02T07:35:12.000Z,1271859.41317,False
1278617761883787264,2020-07-02T09:13:24.000Z,201105.338445,False
1278638009114480640,2020-07-02T10:33:51.000Z,274868.189855,True
1278664176357916672,2020-07-02T12:17:50.000Z,1399686.446475,False
1278982096669700102,2020-07-03T09:21:08.000Z,1959821.934595,False
1279066164006535168,2020-07-03T14:55:12.000Z,870543.28324,False
1279092125867663360,2020-07-03T16:38:21.000Z,3719172.168175,False
1279670743807164418,2020-07-05T06:57:35.000Z,2234783.306425,False
1280477074055032833,2020-07-07T12:21:39.000Z,10342826.4971,False
1280717058674577408,2020-07-08T04:15:16.000Z,800004.528165,False
1280724561227444224,2020-07-08T04:45:04.000Z,9146388.574495,False
1280736190807891970,2020-07-08T05:31:17.000Z,372038.353385,False
1281231449874554886,2020-07-09T14:19:16.000Z,1126309.16822,False
1281491821164523521,2020-07-10T07:33:53.000Z,3168969.87859,False
1281524491030392833,2020-07-10T09:43:42.000Z,167839.37337,False
1281938127704035331,2020-07-11T13:07:21.000Z,953997.06005,False
1282014511298342912,2020-07-11T18:10:52.000Z,4461515.69021,False
1282181740593725441,2020-07-12T05:15:23.000Z,1708733.78476,False
1282241734370459650,2020-07-12T09:13:47.000Z,2444722.2961,False
1282357983389728768,2020-07-12T16:55:42.000Z,2939108.58266,False
1283666308962361349,2020-07-16T07:34:32.000Z,3631804.748415,False
1283757961962233859,2020-07-16T13:38:43.000Z,801681.803715,False
1283769149840330757,2020-07-16T14:23:11.000Z,611012.84647,False
1284110340935032833,2020-07-17T12:58:57.000Z,1102454.58262,False
1284174456911392768,2020-07-17T17:13:43.000Z,1341298.62094,False
1284754707412647939,2020-07-19T07:39:26.000Z,3684061.199995,False
1284848865133371392,2020-07-19T13:53:35.000Z,773019.028205,False
1285265987072217090,2020-07-20T17:31:05.000Z,1417838.295205,False
1285541369558204416,2020-07-21T11:45:21.000Z,287820.48438,False
1286254745926025216,2020-07-23T11:00:03.000Z,3757302.232345,False
1286663376957890562,2020-07-24T14:03:48.000Z,1605655.884015,False
1287236451135094786,2020-07-26T04:01:00.000Z,3814087.32791,False
1287721808716800000,2020-07-27T12:09:38.000Z,1833560.35847,False
1287755115059912704,2020-07-27T14:21:59.000Z,3349183.81824,False
1288086129212665858,2020-07-28T12:17:19.000Z,3449708.53287,False
1288140121087369218,2020-07-28T15:51:52.000Z,1562941.266675,False
1288384734129721345,2020-07-29T08:03:52.000Z,1156369.673355,False
1288755768494301184,2020-07-30T08:38:13.000Z,1129794.174085,False
1288799193507729408,2020-07-30T11:30:47.000Z,3135871.64107,False
1289219749910437890,2020-07-31T15:21:55.000Z,2755521.455515,False
1289791000714477568,2020-08-02T05:11:52.000Z,3137865.735335,False
1290183284060643328,2020-08-03T07:10:40.000Z,2440547.74362,False
1290254854875516929,2020-08-03T11:55:03.000Z,1049583.130005,False
1290614108635553792,2020-08-04T11:42:36.000Z,1692538.757505,False
1291772954003480577,2020-08-07T16:27:26.000Z,2560212.035915,False
1292035829070573568,2020-08-08T09:52:01.000Z,2773636.031455,False
1292105552793755648,2020-08-08T14:29:04.000Z,4508404.86003,False
1292408688284561409,2020-08-09T10:33:37.000Z,2068043.48036,False
1293063153543081984,2020-08-11T05:54:14.000Z,2164635.915645,False
1293117256512106497,2020-08-11T09:29:13.000Z,3342828.807545,False
1293485985922195457,2020-08-12T09:54:25.000Z,1141684.194095,False
1293520174100905984,2020-08-12T12:10:16.000Z,206304.89265,False
1294180160070127616,2020-08-14T07:52:49.000Z,372895.627555,False
1294238762478850048,2020-08-14T11:45:41.000Z,881650.57466,False
1294504894141886464,2020-08-15T05:23:12.000Z,1404010.090115,False
1294576076186775553,2020-08-15T10:06:03.000Z,829151.849945,False
1294609539182952450,2020-08-15T12:19:01.000Z,199334.88092,False
1294623359074840579,2020-08-15T13:13:56.000Z,1353990.005935,False
1294649330092003329,2020-08-15T14:57:08.000Z,20883962.873395,False
1294673464423583751,2020-08-15T16:33:02.000Z,12671704.96188,False
1294877582156951552,2020-08-16T06:04:07.000Z,991679.85074,False
1294987619349168134,2020-08-16T13:21:22.000Z,2250121.05951,False
1295385956887990275,2020-08-17T15:44:13.000Z,1631411.381905,False
1296022870573735936,2020-08-19T09:55:05.000Z,2183607.765755,False
1297070379127590914,2020-08-22T07:17:31.000Z,542132.73055,False
1297090538538115074,2020-08-22T08:37:37.000Z,3546953.24198,False
1297130141399699456,2020-08-22T11:14:59.000Z,8527212.987015,False
1297483826667511808,2020-08-23T10:40:25.000Z,543605.005755,False
1297830107160051712,2020-08-24T09:36:24.000Z,3198508.564665,False
1298329977285484546,2020-08-25T18:42:43.000Z,3480570.40299,False
1298565777528721408,2020-08-26T10:19:42.000Z,1334049.063285,False
1298874583462719493,2020-08-27T06:46:47.000Z,3198191.74595,False
1298917356954099712,2020-08-27T09:36:45.000Z,5772250.62335,False
1299573103127859200,2020-08-29T05:02:27.000Z,1018888.98744,False
1299693464842653696,2020-08-29T13:00:43.000Z,1972196.500875,False
1300103914117767169,2020-08-30T16:11:42.000Z,1386063.24173,False
1300311597601009667,2020-08-31T05:56:58.000Z,917208.81632,False
1300405142479605761,2020-08-31T12:08:40.000Z,1154058.760375,False
1300433420258926592,2020-08-31T14:01:02.000Z,2605908.476455,False
1301124643411996672,2020-09-02T11:47:43.000Z,3250168.651605,False
1301470007575097344,2020-09-03T10:40:04.000Z,3214274.954835,False
1301829291273981953,2020-09-04T10:27:44.000Z,977702.55449,False
1302151954349486080,2020-09-05T07:49:53.000Z,939628.399505,False
1302206891347517441,2020-09-05T11:28:11.000Z,2405380.866255,False
1302230511876743168,2020-09-05T13:02:02.000Z,1691085.118695,False
1302531511288123393,2020-09-06T08:58:06.000Z,228743.11223,False
1303218974193188864,2020-09-08T06:29:50.000Z,2178277.756785,False
1305394681623138304,2020-09-14T06:35:19.000Z,686546.155405,False
1305395978766184448,2020-09-14T06:40:29.000Z,158129.811575,True
1305465112992440326,2020-09-14T11:15:11.000Z,1803443.94415,False
1305490340653170689,2020-09-14T12:55:26.000Z,2678776.780905,False
1306463738703249416,2020-09-17T05:23:22.000Z,4732470.237115,False
1306552875225509889,2020-09-17T11:17:34.000Z,2218364.64243,False
1306973239516762112,2020-09-18T15:07:57.000Z,614087.851645,False
1307304590216486912,2020-09-19T13:04:37.000Z,1878753.616345,False
1307595810821955587,2020-09-20T08:21:49.000Z,743051.705045,False
1307656625319112704,2020-09-20T12:23:29.000Z,2750825.083975,False
1308005581798559744,2020-09-21T11:30:06.000Z,222798.102225,True
1308033473479806977,2020-09-21T13:20:56.000Z,3499504.98031,False
1308042233296322560,2020-09-21T13:55:45.000Z,601377.830255,False
1308086670982553603,2020-09-21T16:52:20.000Z,2542675.18822,False
1308415794443886592,2020-09-22T14:40:09.000Z,669773.399905,False
1308422398434213896,2020-09-22T15:06:23.000Z,3438303.05913,False
1308422989411745795,2020-09-22T15:08:44.000Z,2004362.918645,False
1308430241669545984,2020-09-22T15:37:33.000Z,1424994.670885,False
1308436960994824193,2020-09-22T16:04:15.000Z,1282910.795405,False
1308440307651010560,2020-09-22T16:17:33.000Z,1768053.430045,False
1308781897955381250,2020-09-23T14:54:55.000Z,1163078.775555,False
1308834014665617408,2020-09-23T18:22:00.000Z,2360485.7907,False
1309086377351544834,2020-09-24T11:04:48.000Z,3872531.06263,False
1309158029808472064,2020-09-24T15:49:31.000Z,4795628.97977,False
1309417983920361472,2020-09-25T09:02:29.000Z,1931606.432565,False
1309512175686307842,2020-09-25T15:16:46.000Z,4479667.53894,False
1310120169805549570,2020-09-27T07:32:43.000Z,2667389.94356,False
1310239674364035072,2020-09-27T15:27:36.000Z,2350235.77345,False
1310258625584271361,2020-09-27T16:42:54.000Z,14541233.5627,False
1310278402465767429,2020-09-27T18:01:29.000Z,3754339.04554,False
1310464646625849345,2020-09-28T06:21:33.000Z,2620724.41048,False
1310480630937944066,2020-09-28T07:25:04.000Z,487155.3653,False
1310490233700405248,2020-09-28T08:03:14.000Z,1630293.198205,False
1310607907092942848,2020-09-28T15:50:49.000Z,1067679.06955,False
1310621640628285440,2020-09-28T16:45:23.000Z,1595648.1399,False
1310624147370844160,2020-09-28T16:55:21.000Z,1372719.58291,False
1310633312868806665,2020-09-28T17:31:46.000Z,3798097.301,False
1310639665637216258,2020-09-28T17:57:01.000Z,2492040.103005,False
1310640126826029057,2020-09-28T17:58:51.000Z,3010504.611905,False
1310646669671837698,2020-09-28T18:24:51.000Z,5366759.94094,False
1311255200691179521,2020-09-30T10:42:56.000Z,1566519.454515,False
1311333898350211072,2020-09-30T15:55:39.000Z,2572977.96649,False
1311349306864136193,2020-09-30T16:56:53.000Z,6424002.62929,True
1311368381694574592,2020-09-30T18:12:40.000Z,528863.61731,False
1311368378938871808,2020-09-30T18:12:40.000Z,2011482.021535,False
1311648260549799936,2020-10-01T12:44:49.000Z,1318189.49114,False
1311697278709706752,2020-10-01T15:59:36.000Z,3150463.938355,False
1311708125045628934,2020-10-01T16:42:42.000Z,906548.79838,False
1311736084066439168,2020-10-01T18:33:47.000Z,1016410.346905,False
1311737390319403011,2020-10-01T18:38:59.000Z,496659.92675,False
1311890388819480576,2020-10-02T04:46:57.000Z,894341.959655,False
1312058076539871232,2020-10-02T15:53:16.000Z,2197696.880375,False
1312395293732696066,2020-10-03T14:13:15.000Z,2337730.752405,False
1312413375641669632,2020-10-03T15:25:06.000Z,712078.016555,False
1312420043750334464,2020-10-03T15:51:36.000Z,2178985.939795,False
1312456121152491520,2020-10-03T18:14:58.000Z,1277431.695275,False
1312705449205137408,2020-10-04T10:45:42.000Z,511345.40601,False
1312710619821465600,2020-10-04T11:06:15.000Z,2340507.57526,False
1312714690607435776,2020-10-04T11:22:25.000Z,1383789.60154,False
1312736316518551559,2020-10-04T12:48:21.000Z,292796.401845,False
1312738522688782337,2020-10-04T12:57:07.000Z,821082.29091,False
1312747981637066754,2020-10-04T13:34:43.000Z,702908.910215,False
1312811642443444225,2020-10-04T17:47:41.000Z,3036129.65503,False
1312821506364239872,2020-10-04T18:26:52.000Z,3065891.977845,False
1313022450599329792,2020-10-05T07:45:21.000Z,1748634.306455,False
1313120919439671298,2020-10-05T14:16:38.000Z,951387.96475,False
1313122068452474882,2020-10-05T14:21:12.000Z,1222528.875605,False
1313127238712385537,2020-10-05T14:41:45.000Z,687012.06528,False
1313141327513743360,2020-10-05T15:37:44.000Z,2237150.12859,False
1313146781002276866,2020-10-05T15:59:24.000Z,430966.634375,False
1313149369164726273,2020-10-05T16:09:41.000Z,652944.73522,False
1313173498588659714,2020-10-05T17:45:34.000Z,875500.56431,False
1313495453753896963,2020-10-06T15:04:54.000Z,1358965.9234,False
1313506086075478017,2020-10-06T15:47:09.000Z,2819705.199895,False
1313524611921915906,2020-10-06T17:00:46.000Z,711220.742385,False
1313528673123864577,2020-10-06T17:16:54.000Z,4109436.91587,False
1313538262632464387,2020-10-06T17:55:00.000Z,1533067.12549,False
1314059637709299713,2020-10-08T04:26:46.000Z,1446799.253035,False
1314119508802535424,2020-10-08T08:24:40.000Z,576721.87967,True
1314149346544418816,2020-10-08T10:23:14.000Z,4196487.516915,False
1314534671447973888,2020-10-09T11:54:23.000Z,312215.525435,False
1314917371484700672,2020-10-10T13:15:06.000Z,1003383.5068,False
1315159839941832705,2020-10-11T05:18:34.000Z,3668872.53807,False
1315215438603788288,2020-10-11T08:59:30.000Z,269333.18054,False
1315254839534710784,2020-10-11T11:36:04.000Z,4397015.127115,False
1315332639071498242,2020-10-11T16:45:13.000Z,3625692.010855,False
1315567774606004224,2020-10-12T08:19:34.000Z,1634225.47755,False
1315584894576271360,2020-10-12T09:27:35.000Z,887465.1299,False
1315683649623392260,2020-10-12T16:00:00.000Z,721731.669165,False
1315952968269783040,2020-10-13T09:50:11.000Z,1897352.738555,False
1316030132184928256,2020-10-13T14:56:48.000Z,646366.087785,False
1316338110830129152,2020-10-14T11:20:36.000Z,6929384.3889,False
1316619346198831104,2020-10-15T05:58:08.000Z,522676.33417,False
1316677247554646017,2020-10-15T09:48:13.000Z,2120933.56937,False
1316743894181310464,2020-10-15T14:13:02.000Z,330330.101375,False
1316770937975394308,2020-10-15T16:00:30.000Z,926918.378115,False
1316796778310701064,2020-10-15T17:43:11.000Z,1021609.90111,False
1316800538181328898,2020-10-15T17:58:07.000Z,2712527.29225,False
1317023655151439872,2020-10-16T08:44:43.000Z,802669.53265,False
1317036803833143296,2020-10-16T09:36:58.000Z,3510239.54383,False
1317370590345322497,2020-10-17T07:43:18.000Z,3293162.81487,False
1318158675186429952,2020-10-19T11:54:53.000Z,982492.108005,False
1318454044512354304,2020-10-20T07:28:34.000Z,5834198.00033,False
1318579715976855552,2020-10-20T15:47:56.000Z,2630154.42635,False
1318600207773454337,2020-10-20T17:09:22.000Z,1660167.33939,False
1319576611625127937,2020-10-23T09:49:15.000Z,3370932.491205,False
1319670801759567874,2020-10-23T16:03:32.000Z,1518847.556105,False
1319933724901937152,2020-10-24T09:28:17.000Z,404987.499745,False
1319982918320726016,2020-10-24T12:43:46.000Z,1127781.443425,False
1320027658118377478,2020-10-24T15:41:33.000Z,2407449.5061,False
1320222962696491008,2020-10-25T04:37:37.000Z,1185628.813505,False
1320262128239071238,2020-10-25T07:13:15.000Z,349506.95183,False
1320288992609357824,2020-10-25T09:00:00.000Z,1492924.33066,False
1320366263827337218,2020-10-25T14:07:03.000Z,787629.961885,False
1320379565743669250,2020-10-25T14:59:54.000Z,2168009.10314,False
1320390750807285761,2020-10-25T15:44:21.000Z,2961994.07572,False
1320429453663719427,2020-10-25T18:18:08.000Z,1310902.660695,False
1320731627216056320,2020-10-26T14:18:52.000Z,1265746.67561,False
1320759475352031233,2020-10-26T16:09:32.000Z,551152.74573,False
1320771393022267393,2020-10-26T16:56:53.000Z,1594884.047705,False
1320778857402814472,2020-10-26T17:26:33.000Z,957239.79278,False
1321043336522801152,2020-10-27T10:57:29.000Z,3881942.442105,False
1321094695699816453,2020-10-27T14:21:34.000Z,744225.79793,False
1321097508521603074,2020-10-27T14:32:45.000Z,1369924.12366,False
1321108362428375040,2020-10-27T15:15:53.000Z,1147181.93062,False
1321506522959065089,2020-10-28T17:38:02.000Z,3417896.206605,False
1321770025955459074,2020-10-29T11:05:06.000Z,2095923.52728,False
1322816649934852096,2020-11-01T08:24:00.000Z,3308947.841435,False
1323198732989468673,2020-11-02T09:42:16.000Z,3910810.21796,False
1323528620984459265,2020-11-03T07:33:07.000Z,1530923.940065,True
1323528628756426752,2020-11-03T07:33:09.000Z,456144.40402,False
1323540326448091137,2020-11-03T08:19:38.000Z,490025.37013,False
1323657558012448768,2020-11-03T16:05:28.000Z,3176517.618565,False
1323856908936269824,2020-11-04T05:17:37.000Z,556538.663885,False
1324240241742516224,2020-11-05T06:40:51.000Z,6139070.786135,False
1324300437907034115,2020-11-05T10:40:03.000Z,455324.40264,False
1324359006329008128,2020-11-05T14:32:47.000Z,823281.38552,False
1324363553005047811,2020-11-05T14:50:51.000Z,1936619.62282,False
1324372677633712128,2020-11-05T15:27:06.000Z,1340683.619905,False
1324376933245865991,2020-11-05T15:44:01.000Z,2787277.872595,False
1324386709732294658,2020-11-05T16:22:52.000Z,1621608.638135,False
1325387311136337920,2020-11-08T10:38:54.000Z,5106279.048025,False
1325768316540100609,2020-11-09T11:52:52.000Z,2854033.439485,False
1326225950854426625,2020-11-10T18:11:21.000Z,5038517.115805,False
1326241647923875840,2020-11-10T19:13:43.000Z,3133448.90972,False
1327210491756818432,2020-11-13T11:23:34.000Z,348873.3144,False
1327597154228072448,2020-11-14T13:00:01.000Z,2850026.61456,False
1328350967495004160,2020-11-16T14:55:24.000Z,2032559.78428,False
1328648124034809857,2020-11-17T10:36:12.000Z,4037109.066875,False
1329660574846889986,2020-11-20T05:39:19.000Z,394178.390645,False
1330797637696507905,2020-11-23T08:57:36.000Z,2780140.13331,False
1331649392437194752,2020-11-25T17:22:10.000Z,4843953.152005,False
1331853074529349638,2020-11-26T06:51:32.000Z,1576229.01631,False
1332244708035239936,2020-11-27T08:47:44.000Z,5396074.990275,False
1333276367710941185,2020-11-30T05:07:11.000Z,2243169.684175,False
1333747879450730498,2020-12-01T12:20:48.000Z,1322997.68105,False
1334347722497777665,2020-12-03T04:04:22.000Z,2256289.706255,False
1334483064982945793,2020-12-03T13:02:10.000Z,2545191.101545,False
1334732927142281216,2020-12-04T05:35:02.000Z,1073884.989085,False
1334806856364015616,2020-12-04T10:28:48.000Z,1039519.476705,False
1334815405517357058,2020-12-04T11:02:47.000Z,1715349.704985,False
1335149547941556225,2020-12-05T09:10:32.000Z,4341255.033275,False
1335483127318372353,2020-12-06T07:16:04.000Z,2868159.826895,False
1335509732648476672,2020-12-06T09:01:47.000Z,2452735.94595,False
1335556653144563712,2020-12-06T12:08:14.000Z,4066125.93389,False
1335908860293345280,2020-12-07T11:27:46.000Z,1158363.76762,False
1335927234331340800,2020-12-07T12:40:47.000Z,426959.80945,False
1336593227340783617,2020-12-09T08:47:12.000Z,2927740.38171,False
1336619073325690880,2020-12-09T10:29:54.000Z,634941.97765,False
1337276770928701440,2020-12-11T06:03:22.000Z,503499.483715,False
1337670927077625857,2020-12-12T08:09:36.000Z,5000032.96013,False
1337687131393843203,2020-12-12T09:13:59.000Z,7715057.52931,False
1337716085374644230,2020-12-12T11:09:02.000Z,1980582.878625,False
1338097602357653504,2020-12-13T12:25:03.000Z,4581701.801565,False
1338407092206571521,2020-12-14T08:54:51.000Z,3446316.70898,False
1339125133072453633,2020-12-16T08:28:06.000Z,384096.10095,False
1339189534475628544,2020-12-16T12:44:00.000Z,1816303.0567,False
1339498252803170304,2020-12-17T09:10:44.000Z,735075.327985,False
1339510655213170688,2020-12-17T10:00:01.000Z,2403181.771645,False
1340219444220465163,2020-12-19T08:56:30.000Z,3274265.51034,False
1340880241435136003,2020-12-21T04:42:16.000Z,1070716.801935,False
1340982160723902468,2020-12-21T11:27:16.000Z,2735692.331235,False
1341643862096285696,2020-12-23T07:16:37.000Z,2240877.40759,False
1342041781743964161,2020-12-24T09:37:49.000Z,1108306.41065,False
1342056609837674496,2020-12-24T10:36:44.000Z,306717.78891,False
1342319157455548421,2020-12-25T04:00:00.000Z,2433428.64073,False
1343043994612342792,2020-12-27T04:00:15.000Z,1320929.041205,False
1343147788482224128,2020-12-27T10:52:41.000Z,1368451.848455,False
1343148412590383104,2020-12-27T10:55:10.000Z,723930.763775,False
1343148759056699392,2020-12-27T10:56:33.000Z,687067.974465,False
1343157468507955203,2020-12-27T11:31:09.000Z,750972.17292,False
1343401371731689472,2020-12-28T03:40:20.000Z,3057076.96301,False
1343491486923419650,2020-12-28T09:38:26.000Z,1736502.01331,False
1343519250699456513,2020-12-28T11:28:45.000Z,645695.177565,False
1343553343050969090,2020-12-28T13:44:13.000Z,1684040.561385,False
1343767392980230145,2020-12-29T03:54:47.000Z,7540993.60001,False
1343910914051862528,2020-12-29T13:25:05.000Z,4520089.879695,False
1344886069796294658,2021-01-01T06:00:00.000Z,2515726.96105,False
1345234239797800961,2021-01-02T05:03:30.000Z,1885574.536915,False
1345333543136763906,2021-01-02T11:38:06.000Z,6370572.084825,False
1346693717743128576,2021-01-06T05:42:57.000Z,3222568.15061,False
1346717063046422530,2021-01-06T07:15:43.000Z,1228753.431535,False
1348225138920067073,2021-01-10T11:08:16.000Z,3665965.26045,False
1348311419419303941,2021-01-10T16:51:07.000Z,4186349.318035,False
1348474491723247619,2021-01-11T03:39:06.000Z,3117216.609675,False
1348532505796878336,2021-01-11T07:29:38.000Z,6207056.355095,False
1348567128375504896,2021-01-11T09:47:13.000Z,7526065.847615,False
1348599930709975041,2021-01-11T11:57:33.000Z,3104748.86142,False
1348617076139843584,2021-01-11T13:05:41.000Z,1141199.647825,False
1348617080191528960,2021-01-11T13:05:42.000Z,375597.90483,False
1350020448633946112,2021-01-15T10:02:11.000Z,1501236.16283,False
1350317807251046405,2021-01-16T05:43:47.000Z,2639267.623505,False
1350334812167446532,2021-01-16T06:51:21.000Z,655907.922025,False
1350416824039481348,2021-01-16T12:17:15.000Z,1210676.128385,False
1350736914006077441,2021-01-17T09:29:10.000Z,3376765.68284,False
1351091299596775426,2021-01-18T08:57:22.000Z,3117719.79234,False
1351119174375002116,2021-01-18T10:48:08.000Z,2872818.925645,False
1351434901791379457,2021-01-19T07:42:43.000Z,13282866.89951,False
1351454547068203008,2021-01-19T09:00:47.000Z,17374356.966995,False
1351539563353628681,2021-01-19T14:38:36.000Z,3852608.756375,False
1353208566992097280,2021-01-24T05:10:38.000Z,4390771.93479,False
1353624047339372545,2021-01-25T08:41:36.000Z,4338795.029135,False
1353914249974665217,2021-01-26T03:54:46.000Z,2103378.08528,False
1356959311075934215,2021-02-03T13:34:45.000Z,33568303.311085,False
1362024855793639427,2021-02-17T13:03:25.000Z,6750810.45201,False
1362631198879571968,2021-02-19T05:12:48.000Z,2937226.306765,False
1363053530916016131,2021-02-20T09:11:00.000Z,2329344.374655,False
1363328850654945281,2021-02-21T03:25:02.000Z,4323904.54953,False
1364111173688426496,2021-02-23T07:13:42.000Z,420530.253175,False
1364454284738224133,2021-02-24T05:57:06.000Z,2454059.129995,False
1364530416057778176,2021-02-24T10:59:37.000Z,2621227.593145,False
1364557960907681795,2021-02-24T12:49:04.000Z,2153435.44225,False
1364918848860917760,2021-02-25T12:43:07.000Z,3413181.19867,False
1364965788306862087,2021-02-25T15:49:38.000Z,4421111.98585,False
1365292102360334343,2021-02-26T13:26:17.000Z,1733948.827195,False
1365624010013204482,2021-02-27T11:25:10.000Z,1984757.431105,False
1366069525972574211,2021-02-28T16:55:29.000Z,1462453.824835,False
1366648953794625540,2021-03-02T07:17:56.000Z,1955759.200485,False
1367015735176798209,2021-03-03T07:35:23.000Z,2673241.77159,False
1367695242959331331,2021-03-05T04:35:31.000Z,1514113.911775,False
1367898385076776961,2021-03-05T18:02:43.000Z,3517023.19161,False
1368059252158455808,2021-03-06T04:41:57.000Z,6821554.20743,False
1368159099125456899,2021-03-06T11:18:43.000Z,2769368.297,False
1368452776519372806,2021-03-07T06:45:41.000Z,492466.737875,False
1368524060716462086,2021-03-07T11:28:56.000Z,2821084.293125,False
1368836094951780352,2021-03-08T08:08:51.000Z,591276.904165,False
1368947695772082179,2021-03-08T15:32:19.000Z,3324602.413235,False
1369192701845860355,2021-03-09T07:45:53.000Z,1268076.224985,False
1369231539326742533,2021-03-09T10:20:12.000Z,1694961.488855,False
1369683483082321923,2021-03-10T16:16:04.000Z,2532760.62608,False
1370262251454742529,2021-03-12T06:35:53.000Z,4653545.10429,False
1370805431350611969,2021-03-13T18:34:17.000Z,2186496.40698,False
1370975891996610563,2021-03-14T05:51:38.000Z,209696.71654,False
1371019279349424128,2021-03-14T08:44:03.000Z,2148869.525475,False
1371457029466845192,2021-03-15T13:43:30.000Z,1969251.950465,False
1372268995118731265,2021-03-17T19:29:58.000Z,3500641.800405,False
1373327410494636038,2021-03-20T17:35:44.000Z,3974695.78002,False
1373508754218491906,2021-03-21T05:36:20.000Z,237651.30904,False
1373543492543078402,2021-03-21T07:54:22.000Z,2261992.443125,False
1373544989184069632,2021-03-21T08:00:19.000Z,234054.484805,False
1373719527897276418,2021-03-21T19:33:52.000Z,6315445.628415,False
1373966412851470337,2021-03-22T11:54:54.000Z,1301733.554355,False
1374616646296301569,2021-03-24T06:58:42.000Z,2104030.359105,False
1374679097029189643,2021-03-24T11:06:51.000Z,2571598.87326,False
1375385148472975361,2021-03-26T09:52:27.000Z,632947.883385,False
1375670454162239493,2021-03-27T04:46:09.000Z,8771014.306405,False
1377853111944015873,2021-04-02T05:19:15.000Z,7258559.033785,False
1380135799765807107,2021-04-08T12:29:51.000Z,4835659.95623,False
1385862342609625089,2021-04-24T07:45:05.000Z,7877790.53045,False
1387760979136585729,2021-04-29T13:29:35.000Z,4707870.195715,False
1388376788506583044,2021-05-01T06:16:35.000Z,758333.548945,False
1391274506103123969,2021-05-09T06:11:05.000Z,3734044.011385,False
1391766522587140098,2021-05-10T14:46:11.000Z,2667240.8524,False
1392377282233176064,2021-05-12T07:13:07.000Z,288733.667735,False
1392377279833989122,2021-05-12T07:13:07.000Z,798047.70669,False
1392727963645394946,2021-05-13T06:26:36.000Z,1371210.034915,False
1392907709486350336,2021-05-13T18:20:51.000Z,682986.60396,False
1393045924318908420,2021-05-14T03:30:04.000Z,2584439.349415,False
1395637301703761920,2021-05-21T07:07:17.000Z,2057402.098815,False
1397427591783632897,2021-05-26T05:41:15.000Z,2828576.123915,False
1399606614508793857,2021-06-01T05:59:54.000Z,1952740.104495,False
1400870437505187850,2021-06-04T17:41:53.000Z,677395.68546,False
1401057231689244673,2021-06-05T06:04:09.000Z,1503807.98534,False
1403340815796113414,2021-06-11T13:18:17.000Z,733845.325915,False
1404092373102215171,2021-06-13T15:04:43.000Z,482235.35702,False
1404134807387447296,2021-06-13T17:53:20.000Z,1676250.548275,False
1404371484844314626,2021-06-14T09:33:48.000Z,408733.41514,False
1404451207360385024,2021-06-14T14:50:35.000Z,276694.556565,False
1405093181021110279,2021-06-16T09:21:34.000Z,1377620.954795,False
1405799416838119427,2021-06-18T08:07:54.000Z,185786.221755,False
1406081826095984640,2021-06-19T02:50:05.000Z,4381789.1924,False
1406478064725282816,2021-06-20T05:04:36.000Z,890092.861595,False
1407365076160454660,2021-06-22T15:49:16.000Z,1320444.494935,False
1407617741389893635,2021-06-23T08:33:16.000Z,452081.66991,False
1407631191038177280,2021-06-23T09:26:43.000Z,684496.151955,False
1407767848072531970,2021-06-23T18:29:44.000Z,3889173.363365,False
1408369217024401413,2021-06-25T10:19:22.000Z,2243206.956965,False
1409452763151421441,2021-06-28T10:04:59.000Z,1463944.736435,False
1409495193464623105,2021-06-28T12:53:35.000Z,212324.448235,False
1410112855962099716,2021-06-30T05:47:58.000Z,3183673.994245,False
1410485794616143874,2021-07-01T06:29:53.000Z,527969.07035,False
1410862854589140995,2021-07-02T07:28:11.000Z,819498.197335,False
1411215439619842048,2021-07-03T06:49:14.000Z,2291102.492115,False
1412055023954001923,2021-07-05T14:25:27.000Z,951164.32801,False
1412375885831880708,2021-07-06T11:40:26.000Z,1058044.053335,False
1412649811124396034,2021-07-07T05:48:55.000Z,1727053.361045,False
1412679647771303938,2021-07-07T07:47:29.000Z,8708601.01955,False
1413034627900444680,2021-07-08T07:18:02.000Z,3017269.62329,False
1413719913458409479,2021-07-10T04:41:07.000Z,6109084.82658,False
1413748560756051970,2021-07-10T06:34:57.000Z,1412433.740655,False
1413800722815021057,2021-07-10T10:02:14.000Z,513935.864915,False
1414151440314949633,2021-07-11T09:15:51.000Z,3108569.322395,False
1414153341932769283,2021-07-11T09:23:25.000Z,1134043.272145,False
1414268685196300293,2021-07-11T17:01:45.000Z,1390070.066655,False
1414445770141360128,2021-07-12T04:45:25.000Z,1159202.405395,False
1414545683453935616,2021-07-12T11:22:26.000Z,1482711.5862,False
1414835843701739524,2021-07-13T06:35:26.000Z,1348529.5422,False
1415273648378679311,2021-07-14T11:35:06.000Z,2429757.270915,False
1415947795350032384,2021-07-16T08:13:56.000Z,579163.247415,False
1416648272706347010,2021-07-18T06:37:22.000Z,378337.454895,False
1417035695152005121,2021-07-19T08:16:51.000Z,1462957.0075,False
1417465841927417860,2021-07-20T12:46:06.000Z,2144769.518575,False
1418514596407640066,2021-07-23T10:13:29.000Z,1931121.886295,False
1418547646629773314,2021-07-23T12:24:48.000Z,1834883.542515,False
1418574415676121098,2021-07-23T14:11:11.000Z,258169.979935,False
1418830987320958976,2021-07-24T07:10:42.000Z,3961333.484805,False
1419224798752763906,2021-07-25T09:15:34.000Z,941361.58424,False
1419224796257087491,2021-07-25T09:15:34.000Z,3131231.178715,False
1419597276465434627,2021-07-26T09:55:40.000Z,998221.225385,False
1419933715870879748,2021-07-27T08:12:33.000Z,255877.70335,False
1419969874881761286,2021-07-27T10:36:14.000Z,392426.569515,False
1419976284252250113,2021-07-27T11:01:42.000Z,958152.976135,False
1419989525816741901,2021-07-27T11:54:19.000Z,3735050.376715,False
1420314894331641861,2021-07-28T09:27:13.000Z,1424677.85217,False
1420364536108896259,2021-07-28T12:44:29.000Z,1240587.54236,False
1420614862212714496,2021-07-29T05:19:11.000Z,1600512.238995,False
1420702383097618437,2021-07-29T11:06:58.000Z,1231232.07207,False
1421089304290414597,2021-07-30T12:44:27.000Z,155781.625805,False
1421782783639257089,2021-08-01T10:40:05.000Z,1491042.054765,False
1421830771254259714,2021-08-01T13:50:46.000Z,2312869.801475,False
1421851348962746370,2021-08-01T15:12:32.000Z,2580283.43333,False
1422083829611831299,2021-08-02T06:36:20.000Z,2116926.744445,False
1422186995921473538,2021-08-02T13:26:17.000Z,3569447.370745,False
1422823120180707332,2021-08-04T07:34:01.000Z,1571905.37267,False
1422858639216414727,2021-08-04T09:55:09.000Z,1601593.149905,False
1422927132242571266,2021-08-04T14:27:19.000Z,712152.562135,False
1423133904056184832,2021-08-05T04:08:57.000Z,3488789.053185,False
1423221656764440577,2021-08-05T09:57:39.000Z,452640.76176,False
1423264723269603331,2021-08-05T12:48:47.000Z,1195040.19298,False
1423274732401565708,2021-08-05T13:28:34.000Z,612932.395155,False
1423500181081927682,2021-08-06T04:24:25.000Z,2061781.65164,False
1423671060407361540,2021-08-06T15:43:25.000Z,871251.46625,False
1423901604793753600,2021-08-07T06:59:32.000Z,2657922.6549,False
1423968325852221442,2021-08-07T11:24:39.000Z,1498067.97568,False
1423983478614368264,2021-08-07T12:24:52.000Z,4770283.48257,False
1425385692754944001,2021-08-11T09:16:46.000Z,1590951.76836,False
1425438859274461193,2021-08-11T12:48:02.000Z,1816060.783565,False
1425809614478577664,2021-08-12T13:21:17.000Z,596476.45837,False
1425827813412597760,2021-08-12T14:33:35.000Z,200154.8823,False
1426110207097114627,2021-08-13T09:15:43.000Z,168435.73801,False
1426155621334749191,2021-08-13T12:16:11.000Z,824325.02364,False
1426750058150600706,2021-08-15T03:38:16.000Z,3976857.60184,False
1426788890367512579,2021-08-15T06:12:34.000Z,1195655.194015,False
1427139680034648067,2021-08-16T05:26:29.000Z,927477.469965,False
1427257656251621381,2021-08-16T13:15:17.000Z,2507769.220385,False
1427328298195984388,2021-08-16T17:55:59.000Z,5692524.12554,False
1428362301195784195,2021-08-19T14:24:44.000Z,3084099.73576,False
1428938405501718531,2021-08-21T04:33:58.000Z,789661.32894,False
1429333823561601024,2021-08-22T06:45:13.000Z,1348902.2701,False
1429375291705544712,2021-08-22T09:30:00.000Z,5733990.104415,False
1429769473116950529,2021-08-23T11:36:20.000Z,938603.39778,False
1431173782329196550,2021-08-27T08:36:34.000Z,1693060.576565,False
1431223842911838223,2021-08-27T11:55:29.000Z,894211.50489,False
1431278601056358401,2021-08-27T15:33:05.000Z,1149325.116045,False
1431837853638541315,2021-08-29T04:35:21.000Z,1528668.93627,False
1431866221650059270,2021-08-29T06:28:04.000Z,753208.54032,False
1431974150332055556,2021-08-29T13:36:56.000Z,819237.287805,False
1431985281167732740,2021-08-29T14:21:10.000Z,432979.365035,False
1432256190352875521,2021-08-30T08:17:40.000Z,1391095.06838,False
1432273429684699136,2021-08-30T09:26:10.000Z,478750.351155,False
1432282112065822721,2021-08-30T10:00:40.000Z,596122.366865,False
1432308940893655050,2021-08-30T11:47:17.000Z,952543.42124,False
1432381573412769796,2021-08-30T16:35:54.000Z,1266566.67699,False
1432608057817591810,2021-08-31T07:35:52.000Z,1589386.31118,False
1432639914663763970,2021-08-31T09:42:27.000Z,413765.24179,False
1432705896681967625,2021-08-31T14:04:38.000Z,792624.515745,False
1432736972603203586,2021-08-31T16:08:07.000Z,3579511.024045,False
1433645175587307522,2021-09-03T04:17:00.000Z,1999219.273625,False
1433747148823138306,2021-09-03T11:02:12.000Z,1409116.462345,False
1433795230688415748,2021-09-03T14:13:16.000Z,1246737.55271,False
1434023515209011200,2021-09-04T05:20:23.000Z,468835.789015,False
1434036648581361665,2021-09-04T06:12:34.000Z,1471473.840015,False
1434143753640366082,2021-09-04T13:18:10.000Z,1681375.5569,False
1434388944322547712,2021-09-05T05:32:28.000Z,1421845.12013,False
1434409344754356230,2021-09-05T06:53:32.000Z,1404494.636385,False
1434446219657371650,2021-09-05T09:20:04.000Z,2567498.86636,False
1434918314677915651,2021-09-06T16:36:00.000Z,7387839.7059,False
1435541171623710721,2021-09-08T09:51:01.000Z,2771474.209635,False
1435855785435680769,2021-09-09T06:41:10.000Z,1540652.138255,False
1436322093927305226,2021-09-10T13:34:07.000Z,4321071.81749,False
1437347979338280960,2021-09-13T09:30:37.000Z,842420.963185,False
1438406886944960515,2021-09-16T07:38:20.000Z,1800890.758035,False
1438428010135314434,2021-09-16T09:02:16.000Z,356346.508795,False
1438733402388135938,2021-09-17T05:15:48.000Z,4350480.0488,False
1438747462106189826,2021-09-17T06:11:40.000Z,2106732.63638,False
1439472065686360064,2021-09-19T06:10:59.000Z,860423.720755,False
1439480639221161993,2021-09-19T06:45:03.000Z,1039966.750185,False
1439896810898657284,2021-09-20T10:18:46.000Z,406254.774605,False
1439910952292413443,2021-09-20T11:14:57.000Z,1286731.25638,False
1440213383047831566,2021-09-21T07:16:43.000Z,1124818.25662,False
1441304131713437701,2021-09-24T07:30:57.000Z,589338.719085,False
1441639537868869638,2021-09-25T05:43:44.000Z,828648.66728,False
1442028588555853828,2021-09-26T07:29:41.000Z,769329.021995,False
1442070454236106758,2021-09-26T10:16:03.000Z,1626491.373625,False
1442750124267118593,2021-09-28T07:16:49.000Z,2183160.492275,False
1442771796592185345,2021-09-28T08:42:56.000Z,864281.45452,False
1442923894604644353,2021-09-28T18:47:19.000Z,1243793.0023,False
1443526834222768133,2021-09-30T10:43:11.000Z,765825.379735,False
1443820926529802240,2021-10-01T06:11:48.000Z,576852.334435,False
1443832934243311620,2021-10-01T06:59:31.000Z,1820887.60987,False
1444162014754967554,2021-10-02T04:47:10.000Z,877196.476255,False
1448535348863188993,2021-10-14T06:25:14.000Z,1057801.7802,False
1448665915017482248,2021-10-14T15:04:03.000Z,5302538.92377,False
1448882246039920640,2021-10-15T05:23:41.000Z,959997.97924,False
1448973291432124436,2021-10-15T11:25:27.000Z,173225.291525,False
1450713491791179777,2021-10-20T06:40:24.000Z,4751330.268855,False
1452629321512886277,2021-10-25T13:33:13.000Z,12252796.07507,False
1452907178457772033,2021-10-26T07:57:19.000Z,3487764.05146,False
1453313382485012483,2021-10-27T10:51:26.000Z,3393445.256365,False
1453733445264298002,2021-10-28T14:40:37.000Z,2788004.692,False
1454038017073561606,2021-10-29T10:50:52.000Z,160459.36095,False
1454464616939933702,2021-10-30T15:06:01.000Z,1936992.35072,False
1455124555844837376,2021-11-01T10:48:23.000Z,3105829.77233,False
1455535431739654144,2021-11-02T14:01:04.000Z,1104485.949675,False
1455873729217515521,2021-11-03T12:25:20.000Z,412125.23903,False
1456273290490630154,2021-11-04T14:53:03.000Z,4306945.43008,False
1456537015676248069,2021-11-05T08:21:00.000Z,3932968.891615,False
1456583534488035329,2021-11-05T11:25:51.000Z,144338.879275,False
1456649671825313801,2021-11-05T15:48:39.000Z,2777978.31149,False
1457624203168002050,2021-11-08T08:21:06.000Z,2857984.355225,False
1458027609854398466,2021-11-09T11:04:05.000Z,2695139.535715,False
1458402495181512706,2021-11-10T11:53:45.000Z,152557.52947,False
1458498056312197122,2021-11-10T18:13:28.000Z,2594409.82074,False
1458861723646050313,2021-11-11T18:18:33.000Z,3289342.353895,False
1459763429510725632,2021-11-14T06:01:37.000Z,3031135.10117,False
1459954155544453124,2021-11-14T18:39:29.000Z,1404084.635695,False
1460106344501968897,2021-11-15T04:44:14.000Z,1215838.4098,False
1460195245568630787,2021-11-15T10:37:30.000Z,150992.07229,False
1460252025237557250,2021-11-15T14:23:07.000Z,1113505.964855,False
1460602197117313026,2021-11-16T13:34:35.000Z,1280693.0644,False
1460899372737052675,2021-11-17T09:15:27.000Z,3227674.52284,False
1462751426279477248,2021-11-22T11:54:51.000Z,5206263.3072,False
1463109267557335045,2021-11-23T11:36:47.000Z,1805736.220735,False
1463732025177763842,2021-11-25T04:51:24.000Z,1284830.34409,False
1464150274851819529,2021-11-26T08:33:22.000Z,1392660.52556,False
1464175103441211395,2021-11-26T10:12:02.000Z,1364445.02353,False
1464236878501056517,2021-11-26T14:17:30.000Z,934149.299375,False
1464476602755006464,2021-11-27T06:10:05.000Z,3636128.392055,False
1465535575214080001,2021-11-30T04:18:04.000Z,1133521.453085,False
1465979262448537600,2021-12-01T09:41:07.000Z,1485562.954635,False
1466665496233725953,2021-12-03T07:07:58.000Z,2336165.295225,False
1467112395696869379,2021-12-04T12:43:47.000Z,2140445.874935,False
1467125110842675200,2021-12-04T13:34:18.000Z,2486411.911715,False
1467475052878876674,2021-12-05T12:44:51.000Z,2984115.476585,False
1467725295545307137,2021-12-06T05:19:14.000Z,2523610.156135,False
1467836820457148416,2021-12-06T12:42:23.000Z,3143195.744305,False
1468579439067942914,2021-12-08T13:53:17.000Z,4713982.933275,False
1469530062185713665,2021-12-11T04:50:44.000Z,332883.28749,False
1469892092344213504,2021-12-12T04:49:18.000Z,5391956.34698,False
1469895205016915973,2021-12-12T05:01:40.000Z,2499401.47903,False
1469907020383932416,2021-12-12T05:48:37.000Z,1649153.229945,False
1470054227498225665,2021-12-12T15:33:34.000Z,1368395.93927,False
1470355284765859842,2021-12-13T11:29:52.000Z,1930600.067235,False
1470366195048013831,2021-12-13T12:13:13.000Z,2216706.003275,False
1470636953569800193,2021-12-14T06:09:07.000Z,180474.84918,False
1471084458853814275,2021-12-15T11:47:21.000Z,389500.6555,False
1471826930353655808,2021-12-17T12:57:40.000Z,1440406.96955,False
1472089087146283010,2021-12-18T06:19:23.000Z,114520.647275,False
1472173463657873408,2021-12-18T11:54:40.000Z,1099565.941395,False
1472462335340015616,2021-12-19T07:02:32.000Z,789419.055805,False
1472622164004147200,2021-12-19T17:37:38.000Z,812397.73084,False
1472913164970905606,2021-12-20T12:53:58.000Z,382493.37098,False
1473227840250257408,2021-12-21T09:44:23.000Z,3267239.589425,False
1473622074635735043,2021-12-22T11:50:55.000Z,249746.329395,False
1473661381920673796,2021-12-22T14:27:07.000Z,1181305.169865,False
1473941472764260353,2021-12-23T09:00:06.000Z,226637.199595,False
1474336582018560001,2021-12-24T11:10:07.000Z,3642595.22112,False
1474358448431136771,2021-12-24T12:37:01.000Z,1124482.80151,False
1474380148912766976,2021-12-24T14:03:14.000Z,1574216.28565,False
1474402350949224450,2021-12-24T15:31:28.000Z,251050.877045,False
1474616667271413764,2021-12-25T05:43:05.000Z,2333910.29143,False
1475337026626940932,2021-12-27T05:25:32.000Z,156638.899975,False
1475746614220247040,2021-12-28T08:33:05.000Z,1732346.097225,False
1475881754695139330,2021-12-28T17:30:05.000Z,1581149.02459,False
1476145521580408833,2021-12-29T10:58:12.000Z,2533151.990375,False
1476519479651622914,2021-12-30T11:44:11.000Z,2812213.369105,False
1477153229066493954,2022-01-01T05:42:28.000Z,1735160.19287,False
1477528153157296129,2022-01-02T06:32:17.000Z,1798058.025995,False
1478376042171674637,2022-01-04T14:41:30.000Z,1647494.59079,False
1478593089291755524,2022-01-05T05:03:58.000Z,1575092.196215,False
1478714074837897217,2022-01-05T13:04:43.000Z,2668004.944595,False
1478993600557957122,2022-01-06T07:35:27.000Z,3323651.95709,False
1479321696054046721,2022-01-07T05:19:11.000Z,2763945.106055,False
1480050265592000512,2022-01-09T05:34:15.000Z,2054457.548405,False
1480777330431643653,2022-01-11T05:43:21.000Z,5650033.14494,False
1481178022258819072,2022-01-12T08:15:34.000Z,698734.357735,False
1481585761531363328,2022-01-13T11:15:46.000Z,344717.398315,True
1481618302862458881,2022-01-13T13:25:05.000Z,3653739.78533,False
1481911216679567360,2022-01-14T08:49:01.000Z,472395.34046,False
1482256639499505664,2022-01-15T07:41:36.000Z,1294987.179365,False
1482402116572696577,2022-01-15T17:19:40.000Z,8135345.50935,False
1482941723215118337,2022-01-17T05:03:53.000Z,467866.696475,False
1482955697914531842,2022-01-17T05:59:25.000Z,880961.028045,False
1483081023005282312,2022-01-17T14:17:24.000Z,3020456.446835,False
1483331983262744578,2022-01-18T06:54:38.000Z,3320297.40599,False
1484768670664761345,2022-01-22T06:03:31.000Z,133045.223905,False
1485505401764589574,2022-01-24T06:51:01.000Z,788002.689785,False
1485606336796626944,2022-01-24T13:32:06.000Z,3185388.542585,False
1485960232698540038,2022-01-25T12:58:21.000Z,2016718.84853,False
1486214937412517888,2022-01-26T05:50:28.000Z,1357680.012145,False
1486250713130803208,2022-01-26T08:12:37.000Z,745753.98232,False
1486695906380431362,2022-01-27T13:41:40.000Z,479104.44266,False
1487656956299198465,2022-01-30T05:20:32.000Z,565912.77057,False
1487794215858094081,2022-01-30T14:25:57.000Z,2160834.091065,False
1489211429852893192,2022-02-03T12:17:27.000Z,479700.8073,False
1489614252432564224,2022-02-04T14:58:08.000Z,739976.69987,False
1489829565383905280,2022-02-05T05:13:42.000Z,859081.900315,False
1490273102378328065,2022-02-06T10:36:10.000Z,6221462.28843,False
1491682886608588801,2022-02-10T07:58:08.000Z,145792.518085,True
1492155860411248646,2022-02-11T15:17:34.000Z,2190801.414225,False
1493796836288565249,2022-02-16T03:58:13.000Z,1825173.98072,False
1493904252489502723,2022-02-16T11:05:03.000Z,1270256.6832,False
1494635829821538304,2022-02-18T11:32:05.000Z,433053.910615,False
1494899629736935424,2022-02-19T05:00:20.000Z,1437686.05588,False
1494939151233212420,2022-02-19T07:37:22.000Z,787611.32549,False
1494950925714161666,2022-02-19T08:24:10.000Z,430127.9966,False
1495457096799641600,2022-02-20T17:55:30.000Z,2172612.292705,False
1495759508177571843,2022-02-21T13:57:11.000Z,7576197.750165,False
1496380378373885957,2022-02-23T07:04:18.000Z,344829.216685,False
1496745268103966722,2022-02-24T07:14:14.000Z,2461029.141725,False
1497816455538118660,2022-02-27T06:10:45.000Z,481937.1747,False
1499333327748173827,2022-03-03T10:38:16.000Z,1282333.06716,False
1499766592413962243,2022-03-04T15:19:54.000Z,11304576.29747,False
1500353512282091521,2022-03-06T06:12:07.000Z,4662341.48273,False
1500356951741382658,2022-03-06T06:25:47.000Z,661461.567735,False
1500384956903612418,2022-03-06T08:17:04.000Z,980386.19537,False
1500384962620452869,2022-03-06T08:17:05.000Z,325037.365195,False
1500398919183847426,2022-03-06T09:12:33.000Z,1613147.714805,False
1500424904801357831,2022-03-06T10:55:48.000Z,1736315.64936,False
1500509529141755907,2022-03-06T16:32:04.000Z,6863094.731885,False
1500790939488436230,2022-03-07T11:10:17.000Z,1550715.791555,False
1501096905316601859,2022-03-08T07:26:05.000Z,571373.234305,False
1501454695918800901,2022-03-09T07:07:49.000Z,1054875.866185,False
1501482019515027456,2022-03-09T08:56:24.000Z,263723.625645,False
1501510206617833472,2022-03-09T10:48:24.000Z,174268.929645,False
1501573856368103428,2022-03-09T15:01:19.000Z,472805.34115,False
1502527225366671360,2022-03-12T06:09:40.000Z,1522761.199055,False
1502612640287232001,2022-03-12T11:49:05.000Z,620536.044315,False
1502638660168024066,2022-03-12T13:32:28.000Z,1351735.00214,False
1503352316501528576,2022-03-14T12:48:17.000Z,1454197.90185,False
1503364356037246977,2022-03-14T13:36:08.000Z,1394878.256565,False
1504075550821785611,2022-03-16T12:42:10.000Z,410298.87232,False
1504683159073427457,2022-03-18T04:56:35.000Z,5404629.09558,False
1505060820916785152,2022-03-19T05:57:17.000Z,168025.73732,False
1505525945771311104,2022-03-20T12:45:31.000Z,906865.617095,False
1505600747861291008,2022-03-20T17:42:45.000Z,721377.57766,False
1505797975666167809,2022-03-21T06:46:28.000Z,148774.341285,False
1506226111100833798,2022-03-22T11:07:43.000Z,1738458.834785,False
1506986236145135616,2022-03-24T13:28:11.000Z,1199382.473015,False
1507229724983980033,2022-03-25T05:35:44.000Z,286609.118705,False
1507292377584529408,2022-03-25T09:44:41.000Z,753264.449505,False
1507731348705865732,2022-03-26T14:49:00.000Z,2760366.918215,False
1507750951402151945,2022-03-26T16:06:54.000Z,5161945.95989,False
1508004048951136258,2022-03-27T08:52:37.000Z,2283722.479695,False
1508114754568478726,2022-03-27T16:12:31.000Z,1862428.134325,False
1508395488239710208,2022-03-28T10:48:03.000Z,1608134.52455,False
1509116552926302209,2022-03-30T10:33:18.000Z,918811.54629,False
1510109008794841089,2022-04-02T04:16:58.000Z,702498.909525,False
1510145438594134020,2022-04-02T06:41:44.000Z,2974946.370245,False
1510924949879332865,2022-04-04T10:19:14.000Z,3120887.97949,False
1510954423056445442,2022-04-04T12:16:21.000Z,2916893.99982,False
1511324634393710595,2022-04-05T12:47:26.000Z,1097888.665845,False
1512383557192192002,2022-04-08T10:55:13.000Z,347456.94838,False
1513065509650313217,2022-04-10T08:05:03.000Z,872369.64995,False
1513897466101481472,2022-04-12T15:10:57.000Z,891266.95448,False
1514488721244045314,2022-04-14T06:20:23.000Z,1232872.07483,False
1514504107674939394,2022-04-14T07:21:32.000Z,543716.824125,False
1514569530395152389,2022-04-14T11:41:30.000Z,315942.804435,False
1515752122544889859,2022-04-17T18:00:41.000Z,1767475.7018,False
1515966069646798849,2022-04-18T08:10:50.000Z,201123.97484,False
1516023126240288774,2022-04-18T11:57:34.000Z,4241755.32037,False
1516839340160143362,2022-04-20T18:00:54.000Z,2955601.792235,False
1517535603709157377,2022-04-22T16:07:37.000Z,1405743.27485,False
1517773114897158145,2022-04-23T07:51:24.000Z,2188900.501935,False
1518203405096914949,2022-04-24T12:21:13.000Z,7892606.464475,False
1518530170184904706,2022-04-25T09:59:40.000Z,559837.3058,False
1518891439228293120,2022-04-26T09:55:13.000Z,156508.44521,False
1518923220367249410,2022-04-26T12:01:30.000Z,204683.526285,False
1520301903296540672,2022-04-30T07:19:54.000Z,3426878.948995,False
1520632869781225472,2022-05-01T05:15:02.000Z,523123.60765,False
