id,created_at,score,length_between125_and_155
1082869680560164867,2019-01-09T05:20:25.000Z,2165250.004758,False
1083259540785762304,2019-01-10T07:09:35.000Z,6418150.988345,False
1084435848240590848,2019-01-13T13:03:48.000Z,8257144.884705,False
1084754151043526656,2019-01-14T10:08:38.000Z,5909265.248994,False
1085391074015752192,2019-01-16T04:19:32.000Z,8192339.27645,False
1086273280288280577,2019-01-18T14:45:06.000Z,11267239.610167,True
1086529811504345088,2019-01-19T07:44:28.000Z,8205084.778702,True
1086592449991008258,2019-01-19T11:53:22.000Z,2019084.009947,False
1087235440950763521,2019-01-21T06:28:23.000Z,8058080.264006,False
1088324936651997184,2019-01-24T06:37:39.000Z,6634105.795299,False
1088705242710114304,2019-01-25T07:48:51.000Z,3766631.32342,False
1089101784474443777,2019-01-26T10:04:34.000Z,9849613.934875,False
1089827730374324226,2019-01-28T10:09:13.000Z,8093393.93002,False
1090116574722158592,2019-01-29T05:16:59.000Z,6884943.029469,False
1090189620539678720,2019-01-29T10:07:14.000Z,2847853.10657,True
1091300268766056449,2019-02-01T11:40:34.000Z,13519959.217786,False
1092015752188780545,2019-02-03T11:03:38.000Z,8582298.938397,True
1092734389157543936,2019-02-05T10:39:15.000Z,9965281.763583,False
1093060830105559040,2019-02-06T08:16:24.000Z,7170566.860011,False
1093723138788114434,2019-02-08T04:08:11.000Z,2384319.314142,False
1095257860173254658,2019-02-12T09:46:37.000Z,733585.11082,False
1095258026531942400,2019-02-12T09:47:17.000Z,1480514.666667,False
1095579553521717248,2019-02-13T07:04:55.000Z,1551669.068337,False
1095620337767575552,2019-02-13T09:46:58.000Z,738424.568442,False
1095620463156330499,2019-02-13T09:47:28.000Z,843598.919732,True
1096008573069406211,2019-02-14T11:29:41.000Z,4264807.965954,False
1096262254054510593,2019-02-15T04:17:43.000Z,9162961.979904,False
1096475671818395648,2019-02-15T18:25:46.000Z,5679319.138816,False
1098228254891233280,2019-02-20T14:29:54.000Z,8300388.55306,False
1098945053291106304,2019-02-22T13:58:12.000Z,8767156.636473,False
1101518352843849729,2019-03-01T16:23:35.000Z,20815345.752107,False
1102105832173428737,2019-03-03T07:18:01.000Z,8177701.115029,False
1102234425012695040,2019-03-03T15:49:00.000Z,3168407.27975,False
1102969659085721600,2019-03-05T16:30:33.000Z,10518153.86033,False
1103219519458238466,2019-03-06T09:03:24.000Z,4885887.665918,False
1103307042045870080,2019-03-06T14:51:11.000Z,3949452.616061,False
1103603954443681792,2019-03-07T10:31:01.000Z,10307948.904016,False
1105040816165347328,2019-03-11T09:40:35.000Z,10206823.405885,False
1106477714452541440,2019-03-15T08:50:19.000Z,8962340.10799,True
1106840969431797760,2019-03-16T08:53:45.000Z,5027286.07624,False
1106931373615439872,2019-03-16T14:52:59.000Z,2258972.57019,False
1107564980449280001,2019-03-18T08:50:43.000Z,7027060.171121,True
1107918828288294912,2019-03-19T08:16:47.000Z,2262949.550216,False
1108031124821954561,2019-03-19T15:43:01.000Z,10356439.31108,False
1108209919830822913,2019-03-20T03:33:29.000Z,5166480.37715,False
1108336689762586625,2019-03-20T11:57:13.000Z,3207937.5029,False
1108587313486016512,2019-03-21T04:33:06.000Z,5360226.386007,False
1108673913586737152,2019-03-21T10:17:13.000Z,6505189.352408,False
1108972314656296962,2019-03-22T06:02:58.000Z,3103937.079449,False
1110526593401868289,2019-03-26T12:59:07.000Z,4004363.689673,False
1110781440717787136,2019-03-27T05:51:47.000Z,1712473.224569,False
1110920681338867713,2019-03-27T15:05:04.000Z,1999917.841147,False
1113457021393588225,2019-04-03T15:03:35.000Z,8138218.807301,False
1115639876370591744,2019-04-09T15:37:28.000Z,3116443.004591,False
1115921509351022594,2019-04-10T10:16:35.000Z,7875738.125585,False
1116595961789177856,2019-04-12T06:56:37.000Z,6084372.158693,False
1117326904946827266,2019-04-14T07:21:07.000Z,7105425.843802,False
1117425965091696642,2019-04-14T13:54:45.000Z,1796301.255358,False
1118034453513691136,2019-04-16T06:12:40.000Z,1976822.607743,True
1118492466892562433,2019-04-17T12:32:39.000Z,7190906.95665,False
1118795312498343937,2019-04-18T08:36:03.000Z,1856866.348766,False
1118889464812769281,2019-04-18T14:50:11.000Z,4052063.492274,False
1119562091709509632,2019-04-20T11:22:57.000Z,5810631.352807,False
1119615497496977410,2019-04-20T14:55:10.000Z,3285895.894494,False
1119849295262277632,2019-04-21T06:24:12.000Z,7163283.715867,True
1120643184554663936,2019-04-23T10:58:50.000Z,2711461.857847,True
1120990464876765184,2019-04-24T09:58:48.000Z,7261941.569765,False
1121316968102019072,2019-04-25T07:36:12.000Z,5215569.726989,False
1121435616997072897,2019-04-25T15:27:41.000Z,2390117.080204,False
1121692767967686656,2019-04-26T08:29:30.000Z,2080511.580951,False
1121801578158026752,2019-04-26T15:41:52.000Z,6619323.887612,False
1122403092463415296,2019-04-28T07:32:05.000Z,4918949.307098,False
1123586588837998592,2019-05-01T13:54:52.000Z,12618286.80659,False
1124229538165116929,2019-05-03T08:29:43.000Z,5461208.137872,False
1125043244230893568,2019-05-05T14:23:06.000Z,9653112.789253,False
1125334252474765312,2019-05-06T09:39:28.000Z,4632966.110891,False
1125769459359203330,2019-05-07T14:28:49.000Z,7252478.27392,False
1126074906330968064,2019-05-08T10:42:33.000Z,2107895.244624,False
1126433821807730689,2019-05-09T10:28:45.000Z,5543694.536845,False
1126735007274299394,2019-05-10T06:25:34.000Z,2330725.914635,False
1127415878453157889,2019-05-12T03:31:06.000Z,6011708.42123,False
1127589567127670784,2019-05-12T15:01:17.000Z,7601805.658011,False
1127976917334884352,2019-05-13T16:40:28.000Z,1864820.308818,False
1128206806210113537,2019-05-14T07:53:58.000Z,6267744.478687,False
1128660597481013248,2019-05-15T13:57:10.000Z,9155127.808407,False
1128919149395283969,2019-05-16T07:04:34.000Z,3580983.020881,False
1129343241906741248,2019-05-17T11:09:45.000Z,8329041.975416,False
1129686307997749249,2019-05-18T09:52:59.000Z,2263284.95817,False
1130000146929004544,2019-05-19T06:40:04.000Z,8862580.199386,False
1130494814875672576,2019-05-20T15:25:42.000Z,2628807.754897,False
1130790645885415426,2019-05-21T11:01:13.000Z,4733971.820467,False
1131196316019765248,2019-05-22T13:53:13.000Z,12128064.124108,False
1131528310264090624,2019-05-23T11:52:26.000Z,6582524.843516,False
1131823451755425792,2019-05-24T07:25:13.000Z,14698990.049229,False
1131886675662188546,2019-05-24T11:36:27.000Z,5604714.826762,False
1131948318614073344,2019-05-24T15:41:24.000Z,7078233.841817,False
1132959079419252737,2019-05-27T10:37:48.000Z,5396354.614195,False
1133001005535322112,2019-05-27T13:24:24.000Z,2230678.513499,False
1133716810933690368,2019-05-29T12:48:45.000Z,1799415.757788,False
1134073136641708032,2019-05-30T12:24:40.000Z,6475913.029566,True
1134389770975555584,2019-05-31T09:22:52.000Z,2555664.863214,False
1134449945333903360,2019-05-31T13:21:58.000Z,8817851.152949,False
1135161600107827200,2019-06-02T12:29:50.000Z,9509606.100363,False
1135814698723659778,2019-06-04T07:45:01.000Z,5262263.305728,False
1135856477153968129,2019-06-04T10:31:02.000Z,2177971.549299,False
1135863716921192449,2019-06-04T10:59:48.000Z,7931607.507637,False
1136618241823059969,2019-06-06T12:58:00.000Z,10163459.948975,False
1136890267733286912,2019-06-07T06:58:56.000Z,2479910.581032,False
1137981841762279425,2019-06-10T07:16:28.000Z,10693212.854607,False
1138019403977678849,2019-06-10T09:45:43.000Z,17194856.465787,False
1138404959815254016,2019-06-11T11:17:47.000Z,15038686.433498,False
1138807466903216129,2019-06-12T13:57:12.000Z,9752153.966527,False
1139907998204252162,2019-06-15T14:50:19.000Z,8265530.083555,False
1140344298665156608,2019-06-16T19:44:02.000Z,23139698.915616,True
1140557881411960832,2019-06-17T09:52:44.000Z,23014543.833352,False
1141313171707142144,2019-06-19T11:53:59.000Z,16441578.116525,True
1141701678015508481,2019-06-20T13:37:46.000Z,7125574.278753,False
1141982650615226368,2019-06-21T08:14:15.000Z,10474718.530287,False
1142506575149654018,2019-06-22T18:56:08.000Z,18834090.967829,False
1143105576764764160,2019-06-24T10:36:22.000Z,7070591.332008,False
1143472365042450434,2019-06-25T10:53:51.000Z,3476383.654655,False
1143902343546621952,2019-06-26T15:22:26.000Z,10851908.732271,False
1144298636693524481,2019-06-27T17:37:09.000Z,19338400.784379,False
1144567030214873088,2019-06-28T11:23:39.000Z,12533236.93254,False
1144894645459017732,2019-06-29T09:05:29.000Z,17799069.937207,False
1146117982860410881,2019-07-02T18:06:35.000Z,20369157.342443,False
1146121514158190595,2019-07-02T18:20:37.000Z,31613493.380894,False
1146411234230620160,2019-07-03T13:31:52.000Z,11361872.568617,False
1146416247568883714,2019-07-03T13:51:47.000Z,6618677.029415,False
1146475038574387200,2019-07-03T17:45:24.000Z,18868254.663715,False
1147102385979809792,2019-07-05T11:18:15.000Z,4527504.267069,False
1147177049108336641,2019-07-05T16:14:56.000Z,12972285.944326,False
1147564871506190336,2019-07-06T17:56:00.000Z,18551461.851162,False
1147837252552146944,2019-07-07T11:58:21.000Z,35445241.762812,False
1149002108643024898,2019-07-10T17:07:04.000Z,33820094.394838,False
1149235346145722369,2019-07-11T08:33:52.000Z,9773116.963652,False
1150770776812843008,2019-07-15T14:15:08.000Z,11010173.371137,False
1150791252046241792,2019-07-15T15:36:29.000Z,5809625.128945,False
1151801513561321473,2019-07-18T10:30:54.000Z,7667473.743862,True
1151826791465508864,2019-07-18T12:11:21.000Z,7661723.893222,False
1152148573091274752,2019-07-19T09:30:00.000Z,7782638.460639,False
1153248686454890497,2019-07-22T10:21:27.000Z,7229359.082805,True
1153252379166298112,2019-07-22T10:36:08.000Z,10637199.726289,False
1154018281495252992,2019-07-24T13:19:33.000Z,6062953.965059,False
1154626142202138624,2019-07-26T05:34:58.000Z,9533707.557629,False
1154783885915389952,2019-07-26T16:01:47.000Z,1852026.891144,False
1155074490625351681,2019-07-27T11:16:33.000Z,3078997.102298,False
1155368337859153925,2019-07-28T06:44:12.000Z,6416354.16002,False
1155778825164210177,2019-07-29T09:55:19.000Z,2784029.764466,True
1155850567228379136,2019-07-29T14:40:24.000Z,9180546.939778,False
1156580252551979008,2019-07-31T14:59:55.000Z,2325407.302793,False
1156967333740478464,2019-08-01T16:38:02.000Z,1956242.933994,True
1157119563852468224,2019-08-02T02:42:56.000Z,8996647.550142,False
1157310690274791424,2019-08-02T15:22:25.000Z,2610000.951762,False
1158343619813597186,2019-08-05T11:46:54.000Z,8134361.61583,False
1158448595151888384,2019-08-05T18:44:02.000Z,6810817.871635,False
1158934244330299392,2019-08-07T02:53:50.000Z,7162277.492005,False
1158970283384025088,2019-08-07T05:17:02.000Z,6851761.599734,False
1159296375336525824,2019-08-08T02:52:49.000Z,7793467.346011,False
1160243598522114050,2019-08-10T17:36:44.000Z,8369386.76074,False
1160781284240609280,2019-08-12T05:13:19.000Z,9494752.319543,False
1160885489974386688,2019-08-12T12:07:23.000Z,5489741.771673,False
1161876021412425729,2019-08-15T05:43:24.000Z,10538733.534079,True
1162033665196478464,2019-08-15T16:09:49.000Z,7269128.883065,False
1162384038755049473,2019-08-16T15:22:05.000Z,1615228.87562,False
1163277598475968512,2019-08-19T02:32:46.000Z,13370295.397169,False
1164010507017175040,2019-08-21T03:05:05.000Z,2411104.03504,False
1164167189944885248,2019-08-21T13:27:41.000Z,9240009.97848,False
1165211534634754048,2019-08-24T10:37:33.000Z,6995795.358266,False
1165984602348904449,2019-08-26T13:49:26.000Z,4537566.505689,False
1165986119793565696,2019-08-26T13:55:28.000Z,2764025.075781,False
1166010250870214656,2019-08-26T15:31:21.000Z,3257362.260693,True
1166013989932785666,2019-08-26T15:46:13.000Z,1386600.439547,False
1166368782853390336,2019-08-27T15:16:02.000Z,2116328.358896,True
1166799458685767680,2019-08-28T19:47:23.000Z,5170361.526332,False
1168711495787536384,2019-09-03T02:25:08.000Z,10099085.579518,False
1168881962171473921,2019-09-03T13:42:31.000Z,1477280.375682,False
1169540309648166913,2019-09-05T09:18:33.000Z,6046111.694226,False
1169961455262650368,2019-09-06T13:12:02.000Z,861734.906959,True
1170234276022870016,2019-09-07T07:16:07.000Z,14881739.468737,False
1170313863910154241,2019-09-07T12:32:23.000Z,1450639.40105,False
1170607322508357632,2019-09-08T07:58:29.000Z,9070820.623398,False
1171332010490490880,2019-09-10T07:58:08.000Z,2767594.77472,False
1171410377772417024,2019-09-10T13:09:32.000Z,4223432.999057,False
1171427494307647491,2019-09-10T14:17:33.000Z,2050181.118825,False
1171668938976948224,2019-09-11T06:16:58.000Z,13885673.676201,False
1171750217546436608,2019-09-11T11:39:56.000Z,2304827.629044,False
1172023600649359361,2019-09-12T05:46:16.000Z,17826309.854614,False
1172111462845702145,2019-09-12T11:35:24.000Z,5821651.899867,False
1172182132984205312,2019-09-12T16:16:13.000Z,8437019.378893,False
1172489204036554752,2019-09-13T12:36:24.000Z,1814006.003787,False
1172921039132561408,2019-09-14T17:12:22.000Z,5357591.037797,False
1173456875150434304,2019-09-16T04:41:35.000Z,8578010.508128,False
1173501592978345984,2019-09-16T07:39:17.000Z,5822226.884931,False
1173594297326682112,2019-09-16T13:47:39.000Z,2345028.668102,False
1173823900548878336,2019-09-17T05:00:01.000Z,9250814.906141,False
1173827923616223235,2019-09-17T05:16:00.000Z,6637340.086284,False
1174386942126911490,2019-09-18T18:17:20.000Z,8385558.215665,False
1174647983700185090,2019-09-19T11:34:37.000Z,3795332.661198,False
1174963038866116612,2019-09-20T08:26:32.000Z,7946724.823278,False
1175286055760625665,2019-09-21T05:50:06.000Z,10551407.163198,False
1176514895749074944,2019-09-24T15:13:04.000Z,2505018.26216,False
1177255816748883968,2019-09-26T16:17:13.000Z,3870176.550362,False
1177638108956741632,2019-09-27T17:36:19.000Z,7520397.356033,False
1177916562885316608,2019-09-28T12:02:47.000Z,3040017.906501,False
1178673431518171136,2019-09-30T14:10:19.000Z,2021216.246226,True
1179017104588062720,2019-10-01T12:55:57.000Z,5400523.255909,False
1180772694272249857,2019-10-06T09:12:02.000Z,8347369.624331,False
1180808304643043329,2019-10-06T11:33:32.000Z,4951507.836347,False
1183338805366947840,2019-10-13T11:08:51.000Z,8297992.78196,False
1183612974323265536,2019-10-14T05:18:18.000Z,1782333.909845,False
1184386352273453056,2019-10-16T08:31:25.000Z,8361265.096711,False
1184715922553982977,2019-10-17T06:21:01.000Z,2365416.680163,False
1184882101708939264,2019-10-17T17:21:21.000Z,14067560.618113,False
1185151500454105091,2019-10-18T11:11:51.000Z,4451630.196332,False
1186535678873460736,2019-10-22T06:52:05.000Z,8779542.77306,True
1186679105057476609,2019-10-22T16:22:00.000Z,2329528.029085,False
1186846323137380352,2019-10-23T03:26:28.000Z,7683501.452521,False
1186918380101521409,2019-10-23T08:12:48.000Z,1083032.283466,False
1186939065414766593,2019-10-23T09:35:00.000Z,4091186.434337,False
1186989743935873025,2019-10-23T12:56:22.000Z,1531688.337363,False
1187333202458726402,2019-10-24T11:41:09.000Z,3142556.909581,False
1187413724581122048,2019-10-24T17:01:07.000Z,2496345.570778,False
1187620508298141696,2019-10-25T06:42:48.000Z,11927849.533281,False
1188030998530781185,2019-10-26T09:53:57.000Z,1844671.873867,False
1188117727702966272,2019-10-26T15:38:35.000Z,7183024.869731,False
1188540090143801344,2019-10-27T19:36:54.000Z,13763249.772991,True
1189067583393124353,2019-10-29T06:32:58.000Z,982960.924619,False
1189096338631213057,2019-10-29T08:27:14.000Z,1299202.709819,True
1189120004752433153,2019-10-29T10:01:16.000Z,1091058.116651,False
1189536648775618560,2019-10-30T13:36:52.000Z,4053261.377824,False
1189824651448344578,2019-10-31T08:41:17.000Z,1619229.813357,True
1190298714465693696,2019-11-01T16:05:02.000Z,8041860.893659,False
1190571129007558657,2019-11-02T10:07:31.000Z,3542554.852437,False
1191561989207683073,2019-11-05T03:44:51.000Z,13004772.600442,False
1191595974021353473,2019-11-05T05:59:53.000Z,17946361.944435,False
1192334784959111173,2019-11-07T06:55:39.000Z,12631295.843663,False
1192471238842572801,2019-11-07T15:57:53.000Z,2020808.965139,False
1193176477912588288,2019-11-09T14:40:15.000Z,1967311.396476,False
1194158746814963712,2019-11-12T07:43:26.000Z,7117236.995325,False
1194266120695336960,2019-11-12T14:50:06.000Z,7486664.898945,False
1195659886098407424,2019-11-16T11:08:25.000Z,7324567.026319,False
1196052710371426304,2019-11-17T13:09:22.000Z,1694816.391562,False
1197024136528314369,2019-11-20T05:29:28.000Z,2054014.352585,False
1197074652754935808,2019-11-20T08:50:12.000Z,15421650.443833,False
1197445111027654656,2019-11-21T09:22:16.000Z,4972710.410582,False
1197496589989773312,2019-11-21T12:46:50.000Z,1478622.007498,False
1198542939938418690,2019-11-24T10:04:39.000Z,10228025.98012,False
1198826014735925248,2019-11-25T04:49:29.000Z,7770827.309116,True
1199226557509693441,2019-11-26T07:21:06.000Z,6646803.382129,True
1199578789753176064,2019-11-27T06:40:45.000Z,7907170.642417,False
1199910806722211841,2019-11-28T04:40:04.000Z,12532015.089279,False
1200723842160705536,2019-11-30T10:30:46.000Z,2098336.117935,False
1200817270072627200,2019-11-30T16:42:01.000Z,11687793.269061,True
1201406012827111424,2019-12-02T07:41:29.000Z,8717971.45579,False
1201714423238291456,2019-12-03T04:06:59.000Z,5779821.736461,True
1201731013094735872,2019-12-03T05:12:55.000Z,1914796.093964,False
1201868348654440449,2019-12-03T14:18:38.000Z,7804392.062227,False
1202187084238188544,2019-12-04T11:25:11.000Z,3505156.865566,True
1202574064696475648,2019-12-05T13:02:54.000Z,8432155.96356,False
1203019309083086848,2019-12-06T18:32:08.000Z,12478948.759414,False
1204624359391842305,2019-12-11T04:50:02.000Z,13451727.656858,False
1204833503218548736,2019-12-11T18:41:06.000Z,10184422.9461,False
1205000662867513344,2019-12-12T05:45:20.000Z,6175339.58736,False
1205056311961866240,2019-12-12T09:26:28.000Z,7515653.729255,False
1205463037492248576,2019-12-13T12:22:39.000Z,3393106.651219,False
1207342060593803264,2019-12-18T16:49:13.000Z,10500616.815878,False
1207948551755460608,2019-12-20T08:59:11.000Z,9788617.602669,False
1208798429561798656,2019-12-22T17:16:18.000Z,14155916.656281,False
1208937085731782656,2019-12-23T02:27:16.000Z,12242342.405578,False
1209378897629892610,2019-12-24T07:42:53.000Z,8374465.795472,False
1210610311671111680,2019-12-27T17:16:05.000Z,5457303.030979,False
1210877322074570752,2019-12-28T10:57:05.000Z,3026793.250029,False
1210952336840900608,2019-12-28T15:55:10.000Z,12490376.587561,False
1211561172475887621,2019-12-30T08:14:27.000Z,4198109.69853,False
1211583429227118592,2019-12-30T09:42:54.000Z,1053540.341225,False
1211973609758973952,2019-12-31T11:33:20.000Z,10139238.703154,False
1212249753238614016,2020-01-01T05:50:38.000Z,13686704.886346,False
1212965902674579457,2020-01-03T05:16:21.000Z,11858827.36789,False
1213412401284100096,2020-01-04T10:50:35.000Z,8367494.101571,False
1214787629503270913,2020-01-08T05:55:15.000Z,8131438.775088,False
1215290073593208834,2020-01-09T15:11:47.000Z,6234275.55642,False
1215693126146256896,2020-01-10T17:53:22.000Z,9213848.158068,False
1216216645732950016,2020-01-12T04:33:39.000Z,7041674.374831,False
1216707135158882304,2020-01-13T13:02:41.000Z,7024951.892553,False
1218215402121113604,2020-01-17T16:55:59.000Z,11562829.848485,False
1218409278949613569,2020-01-18T05:46:23.000Z,2473010.760264,False
1218938883745837056,2020-01-19T16:50:51.000Z,15509551.285492,False
1219175442898276352,2020-01-20T08:30:51.000Z,2557533.564672,False
1219631268738084868,2020-01-21T14:42:08.000Z,6662591.513678,False
1219814892170964992,2020-01-22T02:51:48.000Z,7473224.623074,True
1219870407676678144,2020-01-22T06:32:23.000Z,3384242.298149,False
1220664326240890880,2020-01-24T11:07:08.000Z,8741306.266304,False
1220930159672356864,2020-01-25T04:43:28.000Z,3179883.023319,False
1221379787597307910,2020-01-26T10:30:08.000Z,12110071.883147,False
1222484302132154370,2020-01-29T11:39:04.000Z,14501075.398658,False
1222712253138423808,2020-01-30T02:44:52.000Z,10708042.677716,False
1223211211849793537,2020-01-31T11:47:33.000Z,12216084.754322,False
1223947504393187328,2020-02-02T12:33:19.000Z,12543754.367669,False
1224174721953984512,2020-02-03T03:36:12.000Z,9293603.377987,False
1226389278873116673,2020-02-09T06:16:03.000Z,8517541.245564,False
1226439061583233024,2020-02-09T09:33:53.000Z,6057180.156708,False
1227792324161232897,2020-02-13T03:11:16.000Z,6737818.726218,False
1228251528164601858,2020-02-14T09:35:58.000Z,3893271.783766,False
1228620590564556800,2020-02-15T10:02:30.000Z,14924192.532629,False
1228907503879999488,2020-02-16T05:02:35.000Z,12755061.378689,False
1229288483081969664,2020-02-17T06:16:28.000Z,10351671.726591,True
1229638009546514434,2020-02-18T05:25:21.000Z,6441437.883437,False
1230025356708630528,2020-02-19T07:04:32.000Z,5273786.964719,False
1230393052533006336,2020-02-20T07:25:37.000Z,2025504.676495,False
1235443841693626368,2020-03-05T05:55:39.000Z,10637247.641711,False
1235606260591915009,2020-03-05T16:41:03.000Z,10802316.270501,False
1236188517606125578,2020-03-07T07:14:44.000Z,3880789.816335,False
1236194394748776448,2020-03-07T07:38:05.000Z,1274262.732668,False
1236257900634357761,2020-03-07T11:50:26.000Z,3648567.723612,False
1236605977610223617,2020-03-08T10:53:34.000Z,7278017.193846,False
1237252232568946688,2020-03-10T05:41:33.000Z,6587172.63945,False
1238315648125669376,2020-03-13T04:07:11.000Z,7376100.06268,False
1238674756636774400,2020-03-14T03:54:10.000Z,7760597.366519,False
1240661693903953920,2020-03-19T15:29:32.000Z,8014644.933963,False
1240661695791386626,2020-03-19T15:29:33.000Z,2761485.558415,False
1240864175645020160,2020-03-20T04:54:08.000Z,6905259.168397,True
1242478162723786753,2020-03-24T15:47:32.000Z,9342788.55867,False
1242478165290651654,2020-03-24T15:47:33.000Z,2301329.803238,False
1242670175276556289,2020-03-25T04:30:32.000Z,9270316.482895,False
1243501019213918208,2020-03-27T11:32:00.000Z,8144088.446496,True
1244497077750489090,2020-03-30T05:29:59.000Z,9105774.923747,False
1245342880912179206,2020-04-01T13:30:54.000Z,5552175.566539,False
1245646824922157056,2020-04-02T09:38:40.000Z,9927404.622492,False
1246656441319997440,2020-04-05T04:30:32.000Z,9564205.723732,False
1246837211972030467,2020-04-05T16:28:51.000Z,8346219.654203,False
1248888005932109824,2020-04-11T08:17:58.000Z,3142389.205604,False
1249634458946293771,2020-04-13T09:44:06.000Z,8725062.938246,False
1251115072639823878,2020-04-17T11:47:32.000Z,1832237.821858,False
1251472377189330951,2020-04-18T11:27:20.000Z,4574197.845808,False
1251526239774367744,2020-04-18T15:01:22.000Z,2390404.572736,False
1251881567028314112,2020-04-19T14:33:19.000Z,1883651.069664,False
1252168314685665282,2020-04-20T09:32:45.000Z,1380826.631196,False
1252246766109548545,2020-04-20T14:44:29.000Z,2433504.494825,False
1253548312512417795,2020-04-24T04:56:22.000Z,14143003.450052,False
1255408042415476738,2020-04-29T08:06:16.000Z,16647398.811726,False
1255722255411228677,2020-04-30T04:54:50.000Z,16460840.116169,False
1255806614654812166,2020-04-30T10:30:03.000Z,12591933.32449,True
1256225414198034440,2020-05-01T14:14:12.000Z,15968964.351628,False
1256488653938966529,2020-05-02T07:40:14.000Z,1081019.835742,False
1256993169385951232,2020-05-03T17:05:00.000Z,10516141.412606,False
1257212068912119808,2020-05-04T07:34:49.000Z,3772357.216349,False
1257724993233981440,2020-05-05T17:33:00.000Z,4912792.175371,False
1257882718966149121,2020-05-06T03:59:45.000Z,14510658.483058,False
1258299333339942914,2020-05-07T07:35:13.000Z,6775528.163332,True
1258779807841570818,2020-05-08T15:24:27.000Z,8900074.017101,False
1259129204680978432,2020-05-09T14:32:50.000Z,7887405.530842,False
1259360012813492225,2020-05-10T05:49:59.000Z,14270242.853173,False
1259440575268311042,2020-05-10T11:10:07.000Z,5379440.470229,False
1260090359964565505,2020-05-12T06:12:07.000Z,6729984.554721,False
1261342041780428800,2020-05-15T17:05:52.000Z,4331578.106511,False
1261542200799899648,2020-05-16T06:21:13.000Z,5512190.14688,False
1261611723297087488,2020-05-16T10:57:29.000Z,5853204.205254,False
1261991700274110464,2020-05-17T12:07:22.000Z,8201059.883254,False
1263346630641803264,2020-05-21T05:51:23.000Z,5654331.246243,False
1263703863149965312,2020-05-22T05:30:54.000Z,12493347.343725,False
1264550195314012160,2020-05-24T13:33:55.000Z,10452318.070502,False
1264784927762993153,2020-05-25T05:06:40.000Z,3558103.406876,True
1264884801468841984,2020-05-25T11:43:31.000Z,7681824.412751,True
1265511916316897283,2020-05-27T05:15:27.000Z,8468978.965367,False
1267354413435215873,2020-06-01T07:16:53.000Z,7693827.225962,False
1268174685205745664,2020-06-03T13:36:21.000Z,18719429.362983,True
1269181240017477632,2020-06-06T08:16:02.000Z,6892873.03181,False
1269486988287070209,2020-06-07T04:30:58.000Z,10559720.488915,False
1270996089198350338,2020-06-11T08:27:36.000Z,8534551.220374,False
1271345549988335616,2020-06-12T07:36:14.000Z,12016756.598802,False
1272116678579519488,2020-06-14T10:40:25.000Z,22245165.902298,True
1273115806067548162,2020-06-17T04:50:36.000Z,13228944.902269,False
1273506293219594240,2020-06-18T06:42:15.000Z,9678028.808693,False
1274692662189109248,2020-06-21T13:16:27.000Z,6682093.090432,False
1274959310468952064,2020-06-22T06:56:01.000Z,4904263.230255,False
1275056263177441286,2020-06-22T13:21:17.000Z,9118424.595155,False
1275412961952063490,2020-06-23T12:58:40.000Z,1519110.539088,False
1275685870331404288,2020-06-24T07:03:07.000Z,10714080.020888,True
1275768248139542529,2020-06-24T12:30:27.000Z,3084219.883296,False
1276381112147664896,2020-06-26T05:05:45.000Z,3410332.245428,False
1277865412458196993,2020-06-30T07:23:50.000Z,4260998.689905,False
1277865710924886016,2020-06-30T07:25:01.000Z,1679699.075921,False
1278222350241021952,2020-07-01T07:02:11.000Z,7020160.350353,False
1278933825188360193,2020-07-03T06:09:20.000Z,7097400.010617,True
1280358762608422912,2020-07-07T04:31:31.000Z,27575876.388353,False
1280736544429498368,2020-07-08T05:32:41.000Z,6056772.875621,False
1280736646686584832,2020-07-08T05:33:06.000Z,1709813.918648,False
1280742845205237760,2020-07-08T05:57:44.000Z,14753134.476089,False
1282358352366809088,2020-07-12T16:57:10.000Z,12138030.531884,False
1282650753664839681,2020-07-13T12:19:04.000Z,6914890.168219,False
1283662023679598592,2020-07-16T07:17:30.000Z,4834067.137025,False
1285212031608434690,2020-07-20T13:56:41.000Z,12219917.988082,False
1285479449551491072,2020-07-21T07:39:18.000Z,2904608.923929,False
1286519596254552064,2020-07-24T04:32:28.000Z,3227127.629411,False
1287285436608520192,2020-07-26T07:15:39.000Z,7334054.279875,False
1287349583937339392,2020-07-26T11:30:33.000Z,3865528.754428,False
1288075542256734213,2020-07-28T11:35:15.000Z,8083451.479955,False
1288708420091035649,2020-07-30T05:30:05.000Z,4349354.728073,False
1289137415395790848,2020-07-31T09:54:45.000Z,2626364.068375,False
1289465422970945542,2020-08-01T07:38:08.000Z,7735705.30479,False
1289478561166843905,2020-08-01T08:30:20.000Z,7904247.801675,True
1290677894448996352,2020-08-04T15:56:04.000Z,9386703.042933,False
1290896443432001536,2020-08-05T06:24:30.000Z,9592643.526689,False
1291235577199656965,2020-08-06T04:52:06.000Z,1743857.825979,False
1291782432916553728,2020-08-07T17:05:06.000Z,8667660.26269,False
1292060400259756033,2020-08-08T11:29:39.000Z,5799035.820683,False
1292333248941445122,2020-08-09T05:33:51.000Z,6036384.86356,False
1293089471076765696,2020-08-11T07:38:49.000Z,1979793.363907,False
1293138259032367105,2020-08-11T10:52:40.000Z,8391355.981727,True
1294484431177003008,2020-08-15T04:01:53.000Z,12474971.779388,False
1294636620608487424,2020-08-15T14:06:38.000Z,1984321.371286,False
1294662879703048192,2020-08-15T15:50:58.000Z,29436072.858948,False
1294662979095470090,2020-08-15T15:51:22.000Z,13738501.457528,False
1294664899713314819,2020-08-15T15:59:00.000Z,21720899.312485,False
1294995806756380673,2020-08-16T13:53:54.000Z,7561029.633889,True
1295007263183183873,2020-08-16T14:39:26.000Z,18064736.994486,False
1295008416365084672,2020-08-16T14:44:01.000Z,2268076.50037,False
1295009168940650498,2020-08-16T14:47:00.000Z,5236963.962912,False
1295009334435307520,2020-08-16T14:47:40.000Z,2842654.283283,False
1295650983150723073,2020-08-18T09:17:21.000Z,13653068.260102,False
1295951076684750848,2020-08-19T05:09:48.000Z,2247281.207222,False
1296425476521631744,2020-08-20T12:34:54.000Z,4924028.34183,False
1296668568151633920,2020-08-21T04:40:52.000Z,1626776.492322,False
1296821740102750208,2020-08-21T14:49:31.000Z,13650672.489002,False
1296822170698407937,2020-08-21T14:51:13.000Z,4071517.153606,False
1297076668029259776,2020-08-22T07:42:30.000Z,12544185.606467,True
1297132177411338243,2020-08-22T11:23:05.000Z,7354777.69989,False
1297779414780923904,2020-08-24T06:14:58.000Z,14852367.315051,False
1298308708389122050,2020-08-25T17:18:12.000Z,10492710.771248,False
1298554518058045440,2020-08-26T09:34:57.000Z,5090079.236771,True
1298856026544906240,2020-08-27T05:33:02.000Z,57783411.499212,False
1299586165314445313,2020-08-29T05:54:21.000Z,10908975.999873,False
1299665745710776320,2020-08-29T11:10:35.000Z,4404385.59024,False
1300061559314497570,2020-08-30T13:23:24.000Z,2267908.796393,False
1300314169410027520,2020-08-31T06:07:11.000Z,7727320.10594,False
1300422069268611074,2020-08-31T13:15:56.000Z,11652072.32196,True
1300665580064665601,2020-09-01T05:23:34.000Z,8816365.774867,False
1301040464297033729,2020-09-02T06:13:13.000Z,9939000.154616,True
1301396607963787264,2020-09-03T05:48:24.000Z,11967188.094743,False
1301404722654404608,2020-09-03T06:20:39.000Z,2219466.304751,False
1301415710648721409,2020-09-03T07:04:19.000Z,7019489.534445,False
1301524339947307009,2020-09-03T14:15:58.000Z,8592960.119792,False
1302126167500054529,2020-09-05T06:07:25.000Z,1077617.84078,False
1302135342288367616,2020-09-05T06:43:52.000Z,7683549.367943,True
1302210654959362048,2020-09-05T11:43:08.000Z,7189014.297481,False
1302839980234997760,2020-09-07T05:23:51.000Z,10285811.979052,False
1302917421318119424,2020-09-07T10:31:34.000Z,2918288.77691,True
1303717725827559425,2020-09-09T15:31:42.000Z,6273877.652703,False
1303940002506706944,2020-09-10T06:14:57.000Z,2190022.277932,False
1304345818955091968,2020-09-11T09:07:31.000Z,7516659.953117,False
1304714631710081026,2020-09-12T09:33:03.000Z,3147971.352267,False
1304780653469208577,2020-09-12T13:55:24.000Z,8456952.194445,False
1305023514827612160,2020-09-13T06:00:26.000Z,14064326.327128,False
1305387658445598720,2020-09-14T06:07:25.000Z,1850038.401131,False
1305522688522219520,2020-09-14T15:03:59.000Z,10290603.521252,False
1306112908653293568,2020-09-16T06:09:18.000Z,11777826.346999,False
1306472426834862081,2020-09-17T05:57:54.000Z,16423298.383032,False
1306478013781962752,2020-09-17T06:20:06.000Z,1812352.921728,False
1306835483947757568,2020-09-18T06:00:33.000Z,2236092.956185,False
1306903656139120641,2020-09-18T10:31:27.000Z,4893434.344883,False
1307290179556630528,2020-09-19T12:07:21.000Z,16586426.437231,False
1307934114431905792,2020-09-21T06:46:07.000Z,6085522.128821,False
1308123531792662528,2020-09-21T19:18:48.000Z,8499908.370268,False
1308345989217112066,2020-09-22T10:02:46.000Z,6923419.113335,False
1308465175691841536,2020-09-22T17:56:22.000Z,3928417.745803,False
1308654394716467202,2020-09-23T06:28:15.000Z,12561411.200676,False
1308744470616104960,2020-09-23T12:26:11.000Z,4283686.642222,True
1308760417146228736,2020-09-23T13:29:33.000Z,5371630.256443,False
1309083592367263744,2020-09-24T10:53:44.000Z,11984198.069553,False
1309736646993014784,2020-09-26T06:08:45.000Z,1969036.351668,False
1309801090171326464,2020-09-26T10:24:49.000Z,11231973.859575,False
1310652878210523136,2020-09-28T18:49:31.000Z,15388181.521566,False
1310927263626489859,2020-09-29T12:59:50.000Z,17765864.549761,False
1311217901878222849,2020-09-30T08:14:43.000Z,1988681.674688,False
1311606853948776453,2020-10-01T10:00:17.000Z,13460855.544749,False
1311913329904898049,2020-10-02T06:18:06.000Z,11419682.52526,False
1312409376989171712,2020-10-03T15:09:13.000Z,11188418.740977,False
1312635709241524225,2020-10-04T06:08:35.000Z,2137506.97542,True
1312673715235086336,2020-10-04T08:39:36.000Z,12409207.862693,False
1312992692318601221,2020-10-05T05:47:06.000Z,8472620.537439,False
1313433427358576641,2020-10-06T10:58:26.000Z,5760631.60995,True
1313714352843751424,2020-10-07T05:34:44.000Z,6803510.76978,False
1313723789960597504,2020-10-07T06:12:13.000Z,1455263.239273,False
1314112602734096384,2020-10-08T07:57:14.000Z,8700650.030737,True
1314461047412064256,2020-10-09T07:01:49.000Z,12608536.018213,False
1314993835034906624,2020-10-10T18:18:56.000Z,14470864.725087,False
1315168298414170112,2020-10-11T05:52:11.000Z,6816400.018298,True
1315179289524936704,2020-10-11T06:35:52.000Z,10660223.08656,False
1315198005193003008,2020-10-11T07:50:14.000Z,1998863.701863,False
1315716983896207360,2020-10-12T18:12:28.000Z,13704529.42333,False
1316354585477357568,2020-10-14T12:26:04.000Z,5933678.156503,False
1316812672793374721,2020-10-15T18:46:21.000Z,7251352.261503,False
1316993638300217345,2020-10-16T06:45:26.000Z,5671029.77081,False
1317035475706679296,2020-10-16T09:31:41.000Z,2592679.526709,True
1317342699289112577,2020-10-17T05:52:29.000Z,9289746.186516,False
1317472400775114753,2020-10-17T14:27:52.000Z,11430152.044967,False
1317715374054408192,2020-10-18T06:33:21.000Z,2602789.680751,False
1317852259091238913,2020-10-18T15:37:17.000Z,24397382.912272,False
1318070253994135552,2020-10-19T06:03:31.000Z,1657514.235535,False
1318216567176359937,2020-10-19T15:44:55.000Z,5025776.740447,False
1318431794153230338,2020-10-20T06:00:09.000Z,11440358.029853,False
1318441611731193857,2020-10-20T06:39:10.000Z,2198191.857383,True
1318970523322179584,2020-10-21T17:40:52.000Z,10431762.354464,False
1319257631026892801,2020-10-22T12:41:44.000Z,14186414.822384,False
1319520507260227584,2020-10-23T06:06:19.000Z,2054014.352585,False
1319572669612716032,2020-10-23T09:33:35.000Z,9127480.609913,False
1319891498465329152,2020-10-24T06:40:30.000Z,6988632.002677,False
1320237237049552896,2020-10-25T05:34:20.000Z,9251222.187228,False
1320246307542372352,2020-10-25T06:10:23.000Z,4541423.69716,False
1320363636607467520,2020-10-25T13:56:36.000Z,7637718.2668,False
1320969197963235329,2020-10-27T06:02:53.000Z,2248071.811685,False
1320986989387132928,2020-10-27T07:13:35.000Z,9222712.511138,False
1321518923880169472,2020-10-28T18:27:18.000Z,10267580.160981,False
1322799256101552128,2020-11-01T07:14:53.000Z,10705263.58324,False
1323324655290081280,2020-11-02T18:02:38.000Z,12303434.568628,False
1323874709948149766,2020-11-04T06:28:21.000Z,2832280.59442,False
1324630603816316931,2020-11-06T08:32:01.000Z,17440375.088115,False
1324779988214710272,2020-11-06T18:25:37.000Z,16576148.579212,False
1325676149205209088,2020-11-09T05:46:38.000Z,11072008.223228,False
1326452669456683009,2020-11-11T09:12:15.000Z,10252271.183652,False
1326564190711148549,2020-11-11T16:35:24.000Z,13138815.993487,False
1326790187519782912,2020-11-12T07:33:25.000Z,3265723.501832,False
1327130375248879617,2020-11-13T06:05:13.000Z,3550412.981645,False
1327499092193202177,2020-11-14T06:30:21.000Z,17698399.635585,False
1328580033829613570,2020-11-17T06:05:38.000Z,11830197.903245,False
1328665622989795329,2020-11-17T11:45:44.000Z,9522064.110083,False
1328943164913295362,2020-11-18T06:08:35.000Z,3379881.994747,False
1329667582308204545,2020-11-20T06:07:10.000Z,2058087.163455,False
1330112116225941510,2020-11-21T11:33:35.000Z,12498689.913278,False
1330392142540226561,2020-11-22T06:06:18.000Z,4648945.904128,False
1330480210865659904,2020-11-22T11:56:16.000Z,3624394.393213,False
1330745583263334401,2020-11-23T05:30:45.000Z,7838891.166067,False
1331121868166803456,2020-11-24T06:25:59.000Z,3672597.307745,False
1331494708439175173,2020-11-25T07:07:31.000Z,3877268.032818,False
1331813720058519552,2020-11-26T04:15:09.000Z,9484785.911767,False
1331823750329757696,2020-11-26T04:55:00.000Z,6495917.718251,False
1332305023888363528,2020-11-27T12:47:25.000Z,13362988.295314,False
1332541650359308294,2020-11-28T04:27:41.000Z,6712591.256535,False
1334117189788471297,2020-12-02T12:48:19.000Z,16225479.563305,False
1334364250853150721,2020-12-03T05:10:03.000Z,5208166.79429,False
1334843679555522565,2020-12-04T12:55:08.000Z,15698433.879016,False
1335560925655363584,2020-12-06T12:25:12.000Z,17475017.938221,False
1335813794031783937,2020-12-07T05:10:01.000Z,6757919.245747,False
1336291233837137921,2020-12-08T12:47:11.000Z,13597654.074559,False
1336861049346084864,2020-12-10T02:31:26.000Z,3570226.008642,False
1337216386922209282,2020-12-11T02:03:25.000Z,29474692.68908,False
1338705032040992773,2020-12-15T04:38:46.000Z,2573537.31562,False
1339094078097485824,2020-12-16T06:24:42.000Z,11161777.766345,False
1342370950923177984,2020-12-25T07:25:49.000Z,14728817.399424,False
1342753190031212545,2020-12-26T08:44:42.000Z,14708956.457005,False
1343104074485358594,2020-12-27T07:58:59.000Z,19052201.968773,False
1343551767024320513,2020-12-28T13:37:57.000Z,12957456.121217,False
1343769773683830784,2020-12-29T04:04:14.000Z,23699949.987351,False
1344950544939380736,2021-01-01T10:16:12.000Z,14284976.845438,False
1345297394087251968,2021-01-02T09:14:27.000Z,15165207.105289,False
1346394192222715904,2021-01-05T09:52:44.000Z,14522014.438072,False
1346676242498560006,2021-01-06T04:33:30.000Z,9597003.830091,True
1346683059752427522,2021-01-06T05:00:36.000Z,2968408.308322,False
1348204428067672065,2021-01-10T09:45:58.000Z,18242335.506129,False
1348204430038994944,2021-01-10T09:45:59.000Z,10922440.233455,True
1348580955594768385,2021-01-11T10:42:09.000Z,51551651.502447,False
1350312797075173376,2021-01-16T05:23:53.000Z,18152973.244099,False
1350698430931210241,2021-01-17T06:56:15.000Z,23884951.431693,False
1351444900269629441,2021-01-19T08:22:27.000Z,41213683.586548,False
1352628585379467264,2021-01-22T14:46:00.000Z,7776169.878669,False
1352844347809681409,2021-01-23T05:03:21.000Z,3291765.533689,False
1353207771647275010,2021-01-24T05:07:28.000Z,2635707.575665,False
1353554122817953792,2021-01-25T04:03:45.000Z,14445253.932028,False
1353570362282270721,2021-01-25T05:08:17.000Z,5914559.903125,False
1353930169791115264,2021-01-26T04:58:01.000Z,15097670.31798,False
1355791729526378500,2021-01-31T08:15:12.000Z,8740371.915575,False
1356831889236008961,2021-02-03T05:08:25.000Z,2282834.450346,False
1357016154108166144,2021-02-03T17:20:37.000Z,27606254.765901,False
1360093208772923392,2021-02-12T05:07:44.000Z,13155370.771788,False
1361582418705084418,2021-02-16T07:45:20.000Z,20559333.652361,True
1362394827665514503,2021-02-18T13:33:33.000Z,6478236.927533,False
1362800188851556353,2021-02-19T16:24:19.000Z,14909362.70952,False
1362993169533521922,2021-02-20T05:11:09.000Z,3866199.570336,False
1364184631688372224,2021-02-23T12:05:36.000Z,12428014.665828,False
1364958975658237956,2021-02-25T15:22:34.000Z,18700934.010091,False
1365891291465220097,2021-02-28T05:07:15.000Z,3522550.163752,False
1366346518030995456,2021-03-01T11:16:10.000Z,12680504.982057,False
1366615963332845569,2021-03-02T05:06:50.000Z,2220831.894278,False
1367091004319260672,2021-03-03T12:34:29.000Z,9705436.430077,False
1368163593217216513,2021-03-06T11:36:34.000Z,17446987.416351,False
1368518607676735491,2021-03-07T11:07:16.000Z,12089204.716866,False
1368803364037795840,2021-03-08T05:58:47.000Z,13528488.162902,False
1369884665658572800,2021-03-11T05:35:30.000Z,12460956.518453,False
1371160922396323845,2021-03-14T18:06:53.000Z,19373930.069792,False
1372619998158458880,2021-03-18T18:44:44.000Z,15923923.854948,False
1372911133519089665,2021-03-19T14:01:36.000Z,13189462.594541,False
1373343325369954309,2021-03-20T18:38:58.000Z,22172286.545436,False
1373501932203958273,2021-03-21T05:09:13.000Z,1949774.352024,False
1373991603996561425,2021-03-22T13:35:00.000Z,16530293.520358,False
1374394534457606144,2021-03-23T16:16:06.000Z,13843771.639662,False
1374591167388512260,2021-03-24T05:17:27.000Z,3289920.789942,False
1374698503952244736,2021-03-24T12:23:58.000Z,13026142.878654,False
1376231290110758919,2021-03-28T17:54:43.000Z,19357087.798959,False
1376481851154427904,2021-03-29T10:30:21.000Z,10025032.294817,False
1376502776339963905,2021-03-29T11:53:30.000Z,12284076.73814,False
1376763325585874944,2021-03-30T05:08:50.000Z,5725581.478757,True
1377614512413544448,2021-04-01T13:31:09.000Z,16276509.487735,False
1378214019312443395,2021-04-03T05:13:22.000Z,2179145.477138,False
1378581408856219651,2021-04-04T05:33:15.000Z,3169844.74241,False
1378659158627549186,2021-04-04T10:42:12.000Z,14434592.750633,False
1379396132166533121,2021-04-06T11:30:40.000Z,10481546.477922,False
1379822254767280131,2021-04-07T15:43:56.000Z,7439516.123697,False
1380167538596663301,2021-04-08T14:35:58.000Z,11005980.771712,False
1380451732690411521,2021-04-09T09:25:15.000Z,18580738.174004,False
1380587067772559360,2021-04-09T18:23:01.000Z,14383562.826203,False
1380750268996841473,2021-04-10T05:11:31.000Z,5285190.835155,False
1381594551551336451,2021-04-12T13:06:24.000Z,2370016.560675,False
1381933162817671168,2021-04-13T11:31:55.000Z,11318964.308216,False
1382396804424028160,2021-04-14T18:14:16.000Z,14535478.671654,False
1382563008098967552,2021-04-15T05:14:42.000Z,3255900.840322,False
1382921431751610369,2021-04-16T04:58:57.000Z,4828413.117229,False
1383795599753965574,2021-04-18T14:52:35.000Z,16419129.741318,False
1384010022036807681,2021-04-19T05:04:37.000Z,2356264.834561,True
1384179020347023365,2021-04-19T16:16:09.000Z,3619674.724146,False
1384414865448521729,2021-04-20T07:53:19.000Z,23431072.596798,False
1385303386157772800,2021-04-22T18:43:59.000Z,14078389.503485,True
1385540506373869568,2021-04-23T10:26:13.000Z,4040491.917861,False
1385853592574119936,2021-04-24T07:10:19.000Z,15106127.389963,False
1390532345753522180,2021-05-07T05:02:00.000Z,11398815.358979,False
1390584792261947397,2021-05-07T08:30:24.000Z,4035628.502528,False
1390894255879573507,2021-05-08T05:00:06.000Z,5395564.009732,False
1391257413400080385,2021-05-09T05:03:10.000Z,3607120.883582,False
1391671736010113031,2021-05-10T08:29:32.000Z,4434069.194169,False
1392437991700766724,2021-05-12T11:14:22.000Z,6204903.402734,False
1392776831061749762,2021-05-13T09:40:47.000Z,13492551.596402,False
1393068916683857921,2021-05-14T05:01:26.000Z,4138862.279227,False
1393202281785352193,2021-05-14T13:51:23.000Z,7031180.897413,False
1397195788523016209,2021-05-25T14:20:09.000Z,12790542.74868,False
1397889268245155843,2021-05-27T12:15:47.000Z,11303248.0498,False
1399648496769134593,2021-06-01T08:46:20.000Z,17022097.411766,False
1402606143923318788,2021-06-09T12:38:58.000Z,13710926.132167,False
1403615846681907200,2021-06-12T07:31:10.000Z,3477653.413338,False
1404403831559974920,2021-06-14T11:42:20.000Z,11525455.819325,False
1404440568613150723,2021-06-14T14:08:19.000Z,3639871.074519,False
1405461667069059082,2021-06-17T09:45:48.000Z,16970300.840584,False
1406156912819806208,2021-06-19T07:48:27.000Z,15638539.601516,False
1406528908904697858,2021-06-20T08:26:38.000Z,13790920.929196,False
1408093775826587654,2021-06-24T16:04:51.000Z,20480752.360281,False
1411238847841669120,2021-07-03T08:22:15.000Z,8919000.608791,False
1412426335671181313,2021-07-06T15:00:54.000Z,6418845.761964,False
1412645009183047681,2021-07-07T05:29:50.000Z,25988055.134117,False
1412668678236098561,2021-07-07T07:03:53.000Z,9690462.860702,False
1416016778237337606,2021-07-16T12:48:02.000Z,12149410.444609,False
1416387480069103624,2021-07-17T13:21:05.000Z,10728047.366401,False
1417546186555224064,2021-07-20T18:05:22.000Z,20753007.788085,False
1418280144758665217,2021-07-22T18:41:51.000Z,14195398.964009,False
1418482887578439680,2021-07-23T08:07:29.000Z,2673249.308802,False
1419231159137931267,2021-07-25T09:40:51.000Z,11562518.398242,False
1419588885177270276,2021-07-26T09:22:19.000Z,5444198.163062,False
1419671672144023552,2021-07-26T14:51:17.000Z,5535572.872816,True
1421005249557368836,2021-07-30T07:10:27.000Z,14638664.532931,False
1421102771240017923,2021-07-30T13:37:58.000Z,2462661.029112,False
1421714878981570563,2021-08-01T06:10:15.000Z,7960716.126502,False
1422214916593709056,2021-08-02T15:17:14.000Z,9886269.232705,False
1422282805531201536,2021-08-02T19:47:00.000Z,8213589.766107,False
1424408145804218369,2021-08-08T16:32:20.000Z,16155978.243694,False
1424729338302263306,2021-08-09T13:48:39.000Z,8910184.171143,False
1425004230113300487,2021-08-10T08:00:58.000Z,1854949.731886,False
1427342349349244953,2021-08-16T18:51:49.000Z,19247481.271134,False
1427905775217758209,2021-08-18T08:10:40.000Z,3133524.852534,False
1429829453350268930,2021-08-23T15:34:41.000Z,7365630.542973,False
1429867557884882944,2021-08-23T18:06:06.000Z,8625255.11422,False
1434921055081013251,2021-09-06T16:46:53.000Z,17584959.874,False
1435523099953274888,2021-09-08T08:39:12.000Z,3909419.28098,False
1435625444540227585,2021-09-08T15:25:53.000Z,8763347.360424,False
1437706216117968901,2021-09-14T09:14:07.000Z,3277941.934442,False
1437804669468774400,2021-09-14T15:45:20.000Z,5162479.439413,False
1438361765180366848,2021-09-16T04:39:02.000Z,4072858.785422,False
1438478585518456832,2021-09-16T12:23:15.000Z,32680761.490522,False
1438729778098434049,2021-09-17T05:01:24.000Z,14025442.962175,False
1439456313411440640,2021-09-19T05:08:23.000Z,3556043.04373,False
1439612968853860358,2021-09-19T15:30:53.000Z,9895804.401683,False
1440584897094057993,2021-09-22T07:52:58.000Z,6899629.106312,False
1440633330773282824,2021-09-22T11:05:26.000Z,2134847.669499,False
1442190772476862473,2021-09-26T18:14:09.000Z,12457099.326982,True
1442364822113243137,2021-09-27T05:45:46.000Z,2564792.751105,False
1442845088074199041,2021-09-28T13:34:10.000Z,8752446.601919,False
1443273244715335683,2021-09-29T17:55:30.000Z,9399903.741694,False
1443833360019714051,2021-10-01T07:01:12.000Z,2196586.690746,False
1443980735002525706,2021-10-01T16:46:49.000Z,9430449.823219,False
1444165635571798016,2021-10-02T05:01:33.000Z,2170065.504669,False
1444324802345332738,2021-10-02T15:34:01.000Z,8496123.05193,False
1444694187371208704,2021-10-03T16:01:50.000Z,9607569.180642,False
1444893537774944256,2021-10-04T05:13:58.000Z,2378449.674947,False
1444926756503187458,2021-10-04T07:25:58.000Z,4237088.894327,False
1445409479982452738,2021-10-05T15:24:09.000Z,6333819.845625,False
1445612889717415940,2021-10-06T04:52:25.000Z,6623780.021858,False
1446135127612948493,2021-10-07T15:27:36.000Z,10845176.61548,False
1446538231869177857,2021-10-08T18:09:24.000Z,11696777.410686,False
1447221895795933186,2021-10-10T15:26:02.000Z,13271925.035803,False
1447265301934993413,2021-10-10T18:18:31.000Z,53038107.681442,False
1447442661854441472,2021-10-11T06:03:17.000Z,9759868.349469,False
1447826324173692929,2021-10-12T07:27:49.000Z,18368664.516232,False
1448881210965381120,2021-10-15T05:19:34.000Z,12207268.316674,True
1448898761250381824,2021-10-15T06:29:18.000Z,14059151.461552,False
1449333487605989377,2021-10-16T11:16:45.000Z,6229987.126151,False
1449699978419466243,2021-10-17T11:33:03.000Z,8344159.291057,False
1449986788852846596,2021-10-18T06:32:44.000Z,12211460.916099,False
1450341015483678721,2021-10-19T06:00:18.000Z,3286686.498957,False
1450710740051005440,2021-10-20T06:29:27.000Z,23996714.153508,False
1451073181251375112,2021-10-21T06:29:40.000Z,13840561.306388,False
1451904187231469569,2021-10-23T13:31:47.000Z,28273860.340627,False
1454414192543342592,2021-10-30T11:45:39.000Z,8747966.509962,False
1455965586740035590,2021-11-03T18:30:21.000Z,18821393.380999,False
1456115216823906305,2021-11-04T04:24:55.000Z,20166858.430759,False
1456677197905760259,2021-11-05T17:38:02.000Z,15363337.375259,False
1456848452457938944,2021-11-06T04:58:32.000Z,20465539.213796,False
1457768227585466371,2021-11-08T17:53:24.000Z,22068861.107049,False
1458292381598371840,2021-11-10T04:36:12.000Z,15737077.666859,False
1459786453068615682,2021-11-14T07:33:06.000Z,11652335.856781,False
1460467274016387076,2021-11-16T04:38:26.000Z,2578664.265774,False
1460827650365132802,2021-11-17T04:30:27.000Z,20258328.971357,False
1461579320430784512,2021-11-19T06:17:19.000Z,9282534.915505,False
1461610962583101451,2021-11-19T08:23:03.000Z,19301649.655705,False
1461610968039899137,2021-11-19T08:23:04.000Z,14025562.75073,True
1461917165053902848,2021-11-20T04:39:47.000Z,3999979.42856,False
1462277634201505794,2021-11-21T04:32:10.000Z,31390998.118837,False
1462640242838499332,2021-11-22T04:33:03.000Z,2356336.707694,False
1463008093839650818,2021-11-23T04:54:45.000Z,16795960.577637,False
1463092844835401731,2021-11-23T10:31:31.000Z,4797220.177507,False
1463372649682202627,2021-11-24T05:03:22.000Z,3174875.86172,False
1463748453020831753,2021-11-25T05:56:40.000Z,17147635.817406,False
1464117795923185667,2021-11-26T06:24:19.000Z,12687812.083912,True
1464523097730523137,2021-11-27T09:14:50.000Z,10179463.699923,False
1464941169410854919,2021-11-28T12:56:06.000Z,16978470.420035,False
1465234394944135175,2021-11-29T08:21:17.000Z,19716237.84456,False
1465538465341181954,2021-11-30T04:29:33.000Z,2878399.188095,False
1465909930855055360,2021-12-01T05:05:37.000Z,14634376.102662,False
1466398857651101697,2021-12-02T13:28:26.000Z,17432852.366861,False
1467769246293782531,2021-12-06T08:13:52.000Z,15507203.429814,False
1468076769118810116,2021-12-07T04:35:51.000Z,2169586.350449,False
1468510969215160321,2021-12-08T09:21:13.000Z,14191853.222781,False
1468574791317688323,2021-12-08T13:34:49.000Z,14074963.550812,False
1468905413173137410,2021-12-09T11:28:36.000Z,4561332.555001,False
1469272961261707266,2021-12-10T11:49:06.000Z,4125637.622755,False
1469642274275409920,2021-12-11T12:16:37.000Z,16282331.211508,False
1469642278570389513,2021-12-11T12:16:38.000Z,5310394.347127,False
1469642276594872320,2021-12-11T12:16:38.000Z,5207567.851515,False
1470974388161822720,2021-12-15T04:29:58.000Z,5386843.402928,False
1472155921308536834,2021-12-18T10:44:57.000Z,17295886.133074,False
1472477126355947522,2021-12-19T08:01:18.000Z,5659530.06953,False
1473564600746450951,2021-12-22T08:02:32.000Z,6427614.28419,False
1474029479026585601,2021-12-23T14:49:48.000Z,12356357.152227,False
1474288746203803649,2021-12-24T08:00:02.000Z,2748740.056163,False
1474617499291316228,2021-12-25T05:46:23.000Z,8622236.442634,False
1474617501216509953,2021-12-25T05:46:24.000Z,4734954.086618,False
1474729057447124993,2021-12-25T13:09:41.000Z,4719932.601821,False
1476534396219846659,2021-12-30T12:43:27.000Z,17192101.329022,False
1477148516052914178,2022-01-01T05:23:44.000Z,14235623.960778,True
1477536363540926468,2022-01-02T07:04:55.000Z,3033860.774774,False
1477647949651873792,2022-01-02T14:28:19.000Z,12397708.161413,False
1478975921210019842,2022-01-06T06:25:12.000Z,35764669.923575,False
1480096725599592448,2022-01-09T08:38:52.000Z,3414740.464252,False
1480532869684420609,2022-01-10T13:31:57.000Z,16651256.003197,False
1482004670084415489,2022-01-14T15:00:22.000Z,18494897.695491,False
1482340422987169794,2022-01-15T13:14:32.000Z,54430673.591028,False
1482994543683268612,2022-01-17T08:33:46.000Z,6608087.721153,False
1483432085125664769,2022-01-18T13:32:24.000Z,16752860.655548,False
1486203310092976131,2022-01-26T05:04:16.000Z,22705681.02314,False
1487298136242491394,2022-01-29T05:34:43.000Z,3712247.31945,False
1487655437629538311,2022-01-30T05:14:30.000Z,25637314.245077,False
1489824963569745922,2022-02-05T04:55:25.000Z,20692778.102631,False
1489948016890974219,2022-02-05T13:04:23.000Z,13515143.717875,False
1490184538152050689,2022-02-06T04:44:14.000Z,15440049.965881,False
1490338027033350147,2022-02-06T14:54:09.000Z,17858173.610244,False
1490906141626306561,2022-02-08T04:31:38.000Z,5841968.038795,False
1491452950014689284,2022-02-09T16:44:27.000Z,17216250.70171,False
1492170707094020096,2022-02-11T16:16:34.000Z,16465272.292704,False
1493133823550185476,2022-02-14T08:03:39.000Z,15912807.477044,False
1493579673871155206,2022-02-15T13:35:18.000Z,9386942.620043,False
1493803557862002691,2022-02-16T04:24:56.000Z,11649460.931461,False
1494008583456841731,2022-02-16T17:59:38.000Z,14731548.578478,False
1494733406390816768,2022-02-18T17:59:49.000Z,16414386.11454,False
1494900457721896961,2022-02-19T05:03:37.000Z,2119802.226991,False
1495269536655810560,2022-02-20T05:30:12.000Z,18480954.307689,False
1495980795978301443,2022-02-22T04:36:30.000Z,2310553.521973,False
1496375741742985217,2022-02-23T06:45:52.000Z,11763044.439312,False
1497067761423376387,2022-02-25T04:35:43.000Z,1906794.21849,False
1497458406596087809,2022-02-26T06:28:00.000Z,3794422.26818,False
1497791731592417285,2022-02-27T04:32:31.000Z,2393207.624923,False
1498159900454637569,2022-02-28T04:55:29.000Z,6013672.953532,False
1498879072994152449,2022-03-02T04:33:13.000Z,3703646.501201,False
1499241502672764932,2022-03-03T04:33:23.000Z,3430193.187847,False
1499377248280866817,2022-03-03T13:32:47.000Z,12710308.374541,True
1499763424145727491,2022-03-04T15:07:19.000Z,21549721.46739,False
1500467241821028355,2022-03-06T13:44:02.000Z,12331656.752186,False
1501055007616995330,2022-03-08T04:39:36.000Z,2945313.074918,False
1502282783581892610,2022-03-11T13:58:21.000Z,11114413.371698,False
1503382073486106629,2022-03-14T14:46:32.000Z,13960661.311631,False
1504685494025678849,2022-03-18T05:05:52.000Z,13197272.808327,False
1505093544683339778,2022-03-19T08:07:18.000Z,18982221.494942,False
1505772589448192000,2022-03-21T05:05:35.000Z,2427035.912855,False
1506218649832488968,2022-03-22T10:38:04.000Z,14346188.797043,False
1506496969199419392,2022-03-23T05:04:01.000Z,3390207.768188,False
1506520152182956037,2022-03-23T06:36:08.000Z,19258789.310726,False
1506991827764752387,2022-03-24T13:50:24.000Z,34518078.347112,True
1507221998824349696,2022-03-25T05:05:02.000Z,1754974.203883,False
1507380385893994500,2022-03-25T15:34:24.000Z,5745059.0978,False
1507578760006053891,2022-03-26T04:42:40.000Z,8953499.712631,False
1508307852229718018,2022-03-28T04:59:49.000Z,11312112.40287,True
1508351187124305921,2022-03-28T07:52:01.000Z,9620650.090848,False
1508680047900520448,2022-03-29T05:38:47.000Z,31552928.287486,False
1509002348336607234,2022-03-30T02:59:30.000Z,9371250.319338,False
1509229749477928966,2022-03-30T18:03:07.000Z,11091413.969138,False
1509792117744279553,2022-04-01T07:17:46.000Z,3344616.244155,False
1510258893250723840,2022-04-02T14:12:34.000Z,12214048.348887,False
1510986631414657034,2022-04-04T14:24:20.000Z,8147107.118082,False
1511412732477652992,2022-04-05T18:37:30.000Z,10102128.208815,False
1511573368251707395,2022-04-06T05:15:49.000Z,1405167.665572,False
1511987603846811654,2022-04-07T08:41:50.000Z,9904165.642822,False
1512870520173182983,2022-04-09T19:10:14.000Z,9070988.327375,False
1513019704335482884,2022-04-10T05:03:02.000Z,15235163.621409,False
1513073525531193344,2022-04-10T08:36:54.000Z,1929865.494183,False
1513372859090935808,2022-04-11T04:26:21.000Z,4283854.346199,False
1514478656529178626,2022-04-14T05:40:24.000Z,1781519.347671,False
1514952464508022788,2022-04-15T13:03:08.000Z,10006608.815058,False
1515399489552465922,2022-04-16T18:39:27.000Z,8976067.876393,False
1515557165922062339,2022-04-17T05:06:00.000Z,2099917.326861,False
1516098676904509440,2022-04-18T16:57:46.000Z,9179301.138806,False
1516483304182075394,2022-04-19T18:26:09.000Z,9676687.176877,False
1517008682512384001,2022-04-21T05:13:49.000Z,2747590.086035,False
1517499684125696002,2022-04-22T13:44:53.000Z,9681766.211609,False
1520722750662356992,2022-05-01T11:12:12.000Z,8018981.279654,False
